Name	ChrA	StartA	EndA	ChrB	StartB	EndB	Size	Copied	BpSeqA	BpSeqB_5prime	BpSeqB_3prime
insertion_1	random	2498830	2498839	sim	1603850	1603859	10	FALSE	GGTTCCAAAAAGAAGCAGGATTTTACCATACCTCGCGCCACTGACTGCGCACCCCGGGCTTCGCTGCCAGGCTGGACAGGGAAGTCAGCATGACGTGGGA	TCTTTCTGAAATTTGGCCTCAATGAAACTTCTGAGACAATTTAGCATCCTCGCTAGATCCCAATTGTTTTCACTGCCTCCGTCTCTATGTTCTGACCTTC	ATTTGGCCTCAATGAAACTTCTGAGACAATTTAGCATCCTCGCTAGATCCCAATTGTTTTCACTGCCTCCGTCTCTATGTTCTGACCTTCCCCATGTCTG
insertion_2	random	4621358	4621367	random	2153538	2153547	10	FALSE	TGGGTTGTCGCAATGGGTCCATATAGCTCAGCGGCTTTAGCTGTAGTTAGAAGTGGTGGCCAACTTCGAACAGAATATTTCCGGGAGTGTCCTGACATAG	CATCCAAAAGTTAATAGTGCGAGCTTCCGAAAGGCTAATATTACTTTCGCGAGACCTCGTCCGCAGGTCATTTGTGCTGCCTGCCCTCGCGGAACCTGCG	TTAATAGTGCGAGCTTCCGAAAGGCTAATATTACTTTCGCGAGACCTCGTCCGCAGGTCATTTGTGCTGCCTGCCCTCGCGGAACCTGCGCGGAGAGAAC
insertion_3	sim	1287808	1287817	random	1885722	1885731	10	FALSE	CTGCCACCTGTCTTTTGCCAACCACTGACTGGTTTGCTTTCTGACCGTATCATTTTCTATAATTTTTTATAAATGAGATTATATAGTATATACTCATTTT	CTTCACGTCAGATACGGCTGAAAGTCGGTTCTAGGGGTCTAGCCTACCAGGATAAGTTTTCAGGCCACACGCCACAAGTGTATCATCCTCGCAGCAGTCG	GATACGGCTGAAAGTCGGTTCTAGGGGTCTAGCCTACCAGGATAAGTTTTCAGGCCACACGCCACAAGTGTATCATCCTCGCAGCAGTCGTAGCCCCCGA
insertion_4	sim	3558332	3558341	random	2184340	2184349	10	FALSE	ATATCTTCTTCCACCCCTTTACCTTAAGTTTGTTTAAGTCCTTATGTGTTCTTGAAGACAGCAGGTACTCGGTTGGTGGATTTTTATTCATTCTGCCATT	AATGGAGTAAACTAATAACATCTTAACGCCCTTCGGTCAGTAATTCCAGAAGGTGAGTCTGATACGCACGAATTAATTGGACCAGGAATTACGGCTCCAT	ACTAATAACATCTTAACGCCCTTCGGTCAGTAATTCCAGAAGGTGAGTCTGATACGCACGAATTAATTGGACCAGGAATTACGGCTCCATGCTCCCCGTC
insertion_5	random	2312385	2312394	sim	833878	833887	10	FALSE	AAATGCGCAGGGCATTTAACAGTAGGAGTGCAAACCAACTATGTGGTTGAAGTAATCGGATGGTCGGGCGAGGGATTGGCAGGCGTAATCACGCGTGGGC	AGGGCCCTGGGCCCTGCCCACAAAACTATTCTTCCCTCCTAGGTTTCTGGTCACCTCTCGACCTGTGATGGAAGGGGCTGCCACGAAGGTGTCTGAAACA	GCCCTGCCCACAAAACTATTCTTCCCTCCTAGGTTTCTGGTCACCTCTCGACCTGTGATGGAAGGGGCTGCCACGAAGGTGTCTGAAACACCTTCAAGGC
insertion_6	sim	2501082	2501091	sim	2627343	2627352	10	FALSE	AGGTTGCAGTAAGCCAAGATTGCGCCATTGCACTCCAGCCTGAGCAAGAAATGTCTCGGAAAAAAAAAAAAAAAAAAAAAAAAAAAGCAACCCCGCTCTA	TTGCATGGAATATTTGATCCATAAAATCCCATTTACAAATACCTTTAAGGAAGCAAAATTCAACATTTCTCCAAGCTGGTATTAAGAAGCAAGAACACTG	TATTTGATCCATAAAATCCCATTTACAAATACCTTTAAGGAAGCAAAATTCAACATTTCTCCAAGCTGGTATTAAGAAGCAAGAACACTGTGAGATGTTT
insertion_7	random	2838332	2838341	random	3412818	3412827	10	FALSE	CCAGTCGCGCCAACGCATGCCTTGTACTTGCTGTATCTACTTAGACAACGATTCATCATTAACCCCGCAGTTCAAGGTTTGGCGGCCGCAGCTACCAGTT	ATCCACTGGTGTAAATCCGATCGAGTCTGCTCAGGACGTCCGCTAGATCAAACTTGAGACTTAACCAGCTAAGGCGGGGAACAGCAGGATCGGCGCTCTA	GTAAATCCGATCGAGTCTGCTCAGGACGTCCGCTAGATCAAACTTGAGACTTAACCAGCTAAGGCGGGGAACAGCAGGATCGGCGCTCTACCTTTGCTGC
insertion_8	random	4346186	4346195	sim	1567214	1567223	10	FALSE	AAACACCTGGAGATCGCCTCCACTCATTTACGAAGACTGGAGAAGATCGAGCGAATATTTGAAGCGTCGGATGCACCGTCGCCCTCCCCGGGTACAAGCA	CACTTTGTGCTTTCTGCATTTCTGGCAAGCAGACCTGGAGATGTGGGGTTGGACTGCGTAGTTCTGTGGTTCCTTTCCAGCAGTCAAGTTTTGTAGTGTC	TTTCTGCATTTCTGGCAAGCAGACCTGGAGATGTGGGGTTGGACTGCGTAGTTCTGTGGTTCCTTTCCAGCAGTCAAGTTTTGTAGTGTCAAGAGATCAA
insertion_9	random	770020	770029	random	1575920	1575929	10	FALSE	TGAATTTATATACTGTGCCCCGTATCCACCCCGAAATCAAAACAAAGATTTAAATGATGCTATAGTTTGCTGCACAGATACCGCTACGACATTTAGGAAT	GGACTTATCCCATCAGGCGTCGCCTCTGAACTTCTAAACCGGGAACCTAGACAACCCTATGGGAGATGTTCTCTCATCTGAGTCTCGAGAATTACCCTAG	CATCAGGCGTCGCCTCTGAACTTCTAAACCGGGAACCTAGACAACCCTATGGGAGATGTTCTCTCATCTGAGTCTCGAGAATTACCCTAGCTGCACTCCT
insertion_10	random	4102591	4102600	random	24447	24456	10	FALSE	CTAAGCGCCCGTTGCATTCAGCTCCCGTCGGCGAACCTAAGAGGGGTGCGTTGGCGTGTCCTTTGTTTTAAACTGCCGAGCCAGCGTACAATCCTTCGAA	TGATACTCAACACTCGCTTTAAGACGTGTCACGAAGAGCCTGCCTCTTATTCATCCTCCGGCTTTGCTCGGGCGTCCGGACGGAGTCAGCTGACATTATC	CACTCGCTTTAAGACGTGTCACGAAGAGCCTGCCTCTTATTCATCCTCCGGCTTTGCTCGGGCGTCCGGACGGAGTCAGCTGACATTATCTACCTTTACC
insertion_11	sim	2280425	2280434	random	1595920	1595929	10	FALSE	ATATATCTGTATATGTATAGCACATATCTTACCCATGATGGGATTTGACCTTGTACATTTGAGGACCAGCCAGAGCTCATCCCTGTGATGAAGAGCAGGG	TTGAACGCAGATAGAGCTTTATTAGAGTGGACGGAAACCTGATACGCCGCTGTTTGACCTTTGGAATTTCCGACCTAGGTAACTGGAGTTGTAAATGCGC	ATAGAGCTTTATTAGAGTGGACGGAAACCTGATACGCCGCTGTTTGACCTTTGGAATTTCCGACCTAGGTAACTGGAGTTGTAAATGCGCGAGCATGGGT
insertion_12	random	2047606	2047615	random	832447	832456	10	FALSE	CGGCGCTTTCTTTATAAACCCTTTGACTGTGACTCTATGATCGTCCACTCTCCGTAGAACTTTCATCTCTTCTACAATATCACCGCGGATGACAGCTGGT	GCATAAATACCAACTCTACGCTTACTGCCGACACTACACAGGAGGTGGACCTCCCCCTAGCCCACTAACGAATGTTCAACATGTAGATCGTCTGCTTAAA	CAACTCTACGCTTACTGCCGACACTACACAGGAGGTGGACCTCCCCCTAGCCCACTAACGAATGTTCAACATGTAGATCGTCTGCTTAAAAAACAGCACC
insertion_13	random	1240937	1240946	random	4591053	4591062	10	FALSE	CGATAGTCGATTCCGTAAGCATAGCCTTCGCTTTCTGCTTCTAGGAGAACTCGGTAGCAGTAACGCGCCAACCCGCGCAGTGCAATCACCTGCGTAATTG	AAGAGCTACGCGCACCCCGTTTGTGATGCCTTTGGGGACGTAAGAAGTTCGGGTGGTGGTCGCGTCGACTATTACCCCTACGCCAGGACCATTTATGGTA	CGCACCCCGTTTGTGATGCCTTTGGGGACGTAAGAAGTTCGGGTGGTGGTCGCGTCGACTATTACCCCTACGCCAGGACCATTTATGGTAAGAACGTGCA
insertion_14	random	4519993	4520002	sim	4186260	4186269	10	FALSE	CATTTACAATTCCGAAAGTTAAGAGCCTCTCCATGCGGTTACTTCTCATGCCCGGGCGGCTCGTATTTGTATACCGTCGCATACGTATCCTCTTCCACCG	GAAAAAAGAGCTCAGTGAATGTTATACACTCTAGTTCCCTTCCCAAAGCAAACTCGAAGCTTAAAAAACAACAACAACAACAACAACAAAAACGGGCAGA	CTCAGTGAATGTTATACACTCTAGTTCCCTTCCCAAAGCAAACTCGAAGCTTAAAAAACAACAACAACAACAACAACAAAAACGGGCAGAATGAAGGAAA
insertion_15	random	32530	32539	random	850360	850369	10	FALSE	AGTTCTATACTGGCTGATGGGCTTTCGACTACCATAGCCGAGTTATCTTTAATACGCTCCACGGGCAAGCACGTTGTATAGTCTGAAGCTACGATACCTG	ACAGTCTCTTAGGGTGGTATGGTCAGTCGAAACTCTCAGCTTTCCATACGTCCTACGATTGCGATATGAAGTCTATCAGACATACCGGACATTACGTTCC	AGGGTGGTATGGTCAGTCGAAACTCTCAGCTTTCCATACGTCCTACGATTGCGATATGAAGTCTATCAGACATACCGGACATTACGTTCCATCTATTGAC
insertion_16	random	2712261	2712270	random	3829951	3829960	10	FALSE	TATGTCGTCATAGGCAGGCCCGAAAGGCCATGCGAATACAGAAAGGAATGCGATGCTCATGCCATACCCCACCTGAGTACATGCCGGTGGTTGACCTAAG	CTGTAACCGGTATCTTGGCCGGAACCCGTGTGGTCTCTCGGGGGGCGATGCCGCCCTTAGTAATGCAATATAAGCACAAAGGCAACAGCATAATGTTACT	TATCTTGGCCGGAACCCGTGTGGTCTCTCGGGGGGCGATGCCGCCCTTAGTAATGCAATATAAGCACAAAGGCAACAGCATAATGTTACTGAGTCGCGTA
insertion_17	random	3500306	3500315	sim	1028737	1028746	10	FALSE	CGACCGAAGCACCCATGGTTTGCTGAAATAAGTTTGACGAAATGAACTCCAAGACCATGAGTTGTCGAAGTGGCACTGCGAACTAGCATTTAGTGTCTCC	TATTAAGTCCCTACTACAGACCAGGCACTGCCCTGGGAACCTTCTGGATGGGGACCTCACTTAGCTCCGTGAAGCCATATCACAGCCTAACGAGGTCAGC	CTACTACAGACCAGGCACTGCCCTGGGAACCTTCTGGATGGGGACCTCACTTAGCTCCGTGAAGCCATATCACAGCCTAACGAGGTCAGCCCTGCTGTTC
insertion_18	random	4438261	4438270	sim	984783	984792	10	FALSE	CAGCCGATCCTCCATAGGCCCTGGCGCACGTATGCTCCCACATAGATCCGGGCCTGGAGGAATACTTGGGGGGAAAACGAGCAGCTCAAATACTCTGGTG	TCACCTCCAGTAGACCCCTGGTGCTCATTGACTCATTAACCAGAAACTGACAGCAAACCATGATTCAGATCTCCTGCTTCTCCTCCCACCCCTACGAGCT	TAGACCCCTGGTGCTCATTGACTCATTAACCAGAAACTGACAGCAAACCATGATTCAGATCTCCTGCTTCTCCTCCCACCCCTACGAGCTGCTCGCCTTT
insertion_19	sim	4342426	4342435	random	2854144	2854153	10	FALSE	TTAAAGGCTTGAATAAACACTTGATAAAAGAGGCTATCCAGAGTGTTAACAAAAGGCTCTTAATGTCATTAGTTTTCAGGGAAATGTAGACTAAAACAAA	TACCAAAGGCCAGGCGCACGTGTTCTACACCCCCGACGGATGGCACAATGAAACTTATATTCCTTTAACTCGACTCCTTATCGTGAATAGATGTACTTGG	CAGGCGCACGTGTTCTACACCCCCGACGGATGGCACAATGAAACTTATATTCCTTTAACTCGACTCCTTATCGTGAATAGATGTACTTGGTCAGGCTCAC
insertion_20	sim	4418568	4418577	sim	2309319	2309328	10	FALSE	TCATGCCATGCACAGAGCAGGGCGTGGGATAAAAGCTGGTGCAGCCAGCTCAATCTGCCACAGCAGCTCAGAGGCTTTCCTGCAGGCCCCATGGTACAGA	TAGTAGATACAGGGTTTCGCCATGTTGGTCAGTCTGGTCTCAAATTCCTGTAGGAGAATCACCTTAAGTGATCCACCTGCCTCGGCCTCCCAAAGTGCTG	AGGGTTTCGCCATGTTGGTCAGTCTGGTCTCAAATTCCTGTAGGAGAATCACCTTAAGTGATCCACCTGCCTCGGCCTCCCAAAGTGCTGGGATTACAGG
insertion_21	random	1302276	1302285	random	179459	179468	10	FALSE	ATTTCGCTGTCTGATAAGCTAGCTTTGACTAAGTTTGCTGAGTCTTAATGTTTTCGAATCAGCTACTTATTGCCTATGCCGAAGACGCTTTGAAAGCTTC	AGCACCAAATTTGTCGGGTTGTTGAGGATGTCTCATTCCTTGAGAAGACGAAATGTCAGACAGGAGACCGAAACTTGATTTTGACTGCATCCTGTTCTCT	TTGTCGGGTTGTTGAGGATGTCTCATTCCTTGAGAAGACGAAATGTCAGACAGGAGACCGAAACTTGATTTTGACTGCATCCTGTTCTCTGCGACGGTCC
insertion_22	random	403862	403871	sim	850370	850379	10	FALSE	GTCTCATCATTAGCTTACAGGGAAGTTACCAAACTCCGCTACCTACATTTTGCTCGAGGGGATCACGCGACGTGGTCTTTTCAGCAAGGCTTTGAGGTTC	CAGGCGTGAGCCACCGCGCCCGGCCGGGAGGTGGCTTCTTTAAAGAAAAGCCGATGTTCTGCAGGCCATTAATACAGTAAATTGTTGGCTTACAAGAACT	CCACCGCGCCCGGCCGGGAGGTGGCTTCTTTAAAGAAAAGCCGATGTTCTGCAGGCCATTAATACAGTAAATTGTTGGCTTACAAGAACTATATTTGTTC
insertion_23	sim	656821	656830	sim	1223364	1223373	10	FALSE	TTTATTCAAAAAATAGCAAGAGGCAGTATGGAGAACACATTAGGATTGCACGAGCCCGACTGCTCAGATCCACATCCAGCAGAGCTGCCCCTTGCTAGCT	AAGGTAGCCTAGAAAATGATACCTTAGTGGAGCATGTTTTTCTGAAAAAAAACAGACAACAAAAGTAAATTATAGCAAAACGTAGATTTTTAAGCCAAAA	AGAAAATGATACCTTAGTGGAGCATGTTTTTCTGAAAAAAAACAGACAACAAAAGTAAATTATAGCAAAACGTAGATTTTTAAGCCAAAAGTCAACCACA
insertion_24	sim	3393225	3393234	random	4110829	4110838	10	FALSE	GGTTGCAGTGAGTAATGAGCACATCACTGCACTCCAGCCTGGTCAACAAAGTCGCAAAAAAATAAACAAATAAATAAAAATAAAAATGGAATCTACATTT	TAGCTTAATACCTCACCCATACCTCAGCTTAAGATGACGATCCGAATGCGGTGAGACCCTGCTCGGAAATCTGGAGTAATGCGGTTTAGGTGCCACGTTC	CCTCACCCATACCTCAGCTTAAGATGACGATCCGAATGCGGTGAGACCCTGCTCGGAAATCTGGAGTAATGCGGTTTAGGTGCCACGTTCTCGAGTGGGA
insertion_25	random	944967	944976	random	1127136	1127145	10	FALSE	CAAACTTAAGTCATTGACGAAACCTGCCTCTGGCGTGGTAAACAGACTAAACAGTTATCCCCCAGGAAAGTAGGCTTTATCGATCTAGCCACGCGCAGAA	AAAGATTTAGTATCCTTCGTCTGTTATCAGCTGGGGGAGAGCTCAACATCCGCGAGCACGAGAAGGTATCCGTATTTGTTTGATCAGAGACACAGTAATG	TATCCTTCGTCTGTTATCAGCTGGGGGAGAGCTCAACATCCGCGAGCACGAGAAGGTATCCGTATTTGTTTGATCAGAGACACAGTAATGGCTCGCTTGG
insertion_26	random	527049	527058	random	3001550	3001559	10	FALSE	GGGTCACATTCGCTATCGCACTGAGGCACCGAGCGGTGTGGTTTGAATAGGGTCACCTTTAGCCCAGGCTATTGCATTCGTACTCGTTCTTCGCCTGAGT	TTGATGACACAGACCTAGGTCCCAACCGCTCAATTTGTTCACATGATCTCTCTGTACCTGCACCTGCTAGTAGGGCGAGATTTGCAATCAACAGAAATCC	AGACCTAGGTCCCAACCGCTCAATTTGTTCACATGATCTCTCTGTACCTGCACCTGCTAGTAGGGCGAGATTTGCAATCAACAGAAATCCTGAGGTCACG
insertion_27	random	457051	457060	sim	3856899	3856908	10	FALSE	TAACCATATTCCGGGGAACTCAGCCACAACATTCACCGTGGCGATGTTCTAACCACAGTCAGGAAGATAGGGCGGCGCGCCCAGGCTAATTCAGACATTA	TCCTGGCATTCAGTCCACAGAGCATCTCATTCCTGCCATTTAACCCAGAGGTTCGGTTTTGTATTTTTCCTCATTTCTCAGTAGGAGATGAGATGCTCAC	CAGTCCACAGAGCATCTCATTCCTGCCATTTAACCCAGAGGTTCGGTTTTGTATTTTTCCTCATTTCTCAGTAGGAGATGAGATGCTCACATACATTGAT
insertion_28	random	4284591	4284600	sim	1653023	1653032	10	FALSE	GCCTCATAGCACTATTAACAGCCTATCATCCCGAATATGCAACTTGGTGACTTCCAGAAGAGCAACGCTGTGTATTCCGACGTCGCGGCGGGGTAGGATA	GAATATATCACTGTCTTTGCTCTTTGTGGCTTCCCCCCAGTTGCCTCCAGAGCTTACCTTGAAGAACAGGATCATTACAAAAAGAATGCTGAGACAAGAA	CTGTCTTTGCTCTTTGTGGCTTCCCCCCAGTTGCCTCCAGAGCTTACCTTGAAGAACAGGATCATTACAAAAAGAATGCTGAGACAAGAATCTATGTCCA
insertion_29	random	2900372	2900381	sim	1974075	1974084	10	FALSE	TAGTCCCTACCTGATCTTGTTTAAGTCAGGTGCTTCTTGTGGGGTCTGGAAAAGGTCGCCTAACCAATACCTGCCAGTCCCCGTAGCGTCTGACCTTGTC	AGTAAATATTTGTAATGAATCTGTAAACCAAGGACAACGGTAGGATCCCTAGGATCAACTCTTACAGGACTTTATGAGTGTTAACCAAGATAATGCATGT	TGTAATGAATCTGTAAACCAAGGACAACGGTAGGATCCCTAGGATCAACTCTTACAGGACTTTATGAGTGTTAACCAAGATAATGCATGTAAACACCTTC
insertion_30	random	176060	176069	sim	1734116	1734125	10	FALSE	CCAAAAGATAAACACAGTTCGTTTTTCACCAGTCCCAAAGTGACGGGTGTCGATGGTTTCGCGCCTATTATCGCCGCCAGAGAAGACGGTGCATAGTCAT	CTAGGGTTCATCCCTGTGACAGTCCCAACCCAAAGCCTGTGGTGTTTTCCGACACCCGGTAGAGCTTCTCTTCTTTGTCAGGCTCTGAGTTCTAATTTTT	TCCCTGTGACAGTCCCAACCCAAAGCCTGTGGTGTTTTCCGACACCCGGTAGAGCTTCTCTTCTTTGTCAGGCTCTGAGTTCTAATTTTTGTTCCTCCCA
insertion_31	random	388209	388218	sim	4523252	4523261	10	FALSE	GGGTTATACGCTCCCCAAGTGGAGCAGAGTGGCGCCGGTGGATGGCTATTGCAATATAGTGGAGTGACTGCTAATTCCTGTTTTCCCTCCCAAATCGGTA	AGTTTGTGTGAAGATCTGGTCAGACCCAGGGCTCTGTGACTTTCTGCAGCGCGCATGGGGCATGTGGGACCATCTTTAGCAGGTGAGGCTCCCTTGGCAA	AAGATCTGGTCAGACCCAGGGCTCTGTGACTTTCTGCAGCGCGCATGGGGCATGTGGGACCATCTTTAGCAGGTGAGGCTCCCTTGGCAAGGTGCACTCT
insertion_32	sim	309633	309642	sim	2478345	2478354	10	FALSE	TGTCATTTCTTCTGCTGACACTTTACTCAAGTGTCCCTCACTGCCCCCCTCCCCTCAGGACATACTGCGATTTCCCTGGGATTGCCATCAACCGTCTTGT	AAACATTGGGCACACATAGACATAAATATGGGAAGAAGAGACACTGTGGAGATCCCACCACTATGAAGTGGGGAGGGTGGGAAGGGAGCAGATTTGAGAA	CACACATAGACATAAATATGGGAAGAAGAGACACTGTGGAGATCCCACCACTATGAAGTGGGGAGGGTGGGAAGGGAGCAGATTTGAGAAACAACCTACT
insertion_33	random	2242519	2242528	sim	1632684	1632693	10	FALSE	TAGAGCAACCCCTTCAAATGACGGACTATTTCGCCAGGAACCTTATTGGGTAGGTACGGTTCAACTGCCGACAGAATATTTTGATAGGTCTCATTGTAAG	GAAAAAGAGCTAGATACACCAGATGATTCTTTAATACACCCCTCCCCTCCCTTTTTGTGGCCGCCATTCAGTGGGCAGTTTTGGGTGGAGCAGACCCTCC	TAGATACACCAGATGATTCTTTAATACACCCCTCCCCTCCCTTTTTGTGGCCGCCATTCAGTGGGCAGTTTTGGGTGGAGCAGACCCTCCTTCTCTCAGT
insertion_34	random	3202197	3202206	sim	930507	930516	10	FALSE	AGCGGTGTTAGGAGAGAGTAGTTTACTCTACCTATGCATAAGGTTCCTTTTGGATTGGTGCTCATCCAGCTTGTACGCCCCGTCTAAATCCCGTTGAGAG	CGGGATCTATTTCTATTGTTCATAACCAAAGCATCCTGGCCAACCCAGGTCGTCATGCGGCCCTGTGGTAATGTTGGGGACACTGCAGTCTTTGTATATT	TTCTATTGTTCATAACCAAAGCATCCTGGCCAACCCAGGTCGTCATGCGGCCCTGTGGTAATGTTGGGGACACTGCAGTCTTTGTATATTTGATTCAAGT
insertion_35	random	770092	770101	random	7531	7540	10	FALSE	TAGTTTGCTGCACAGATACCGCTACGACATTTAGGAATCGGGTACATCACATTCAATCGTCCCCCCCCCCCCGTCTATACCCCTAAATTCGGCTTCGACT	TCTCCATTAGGCATTTTTATGCATCCATGCGGTAGCCACGGCGGCCGTTCTGTGTTACCATACGATAGTCATAATTGCGTCAACGATCGGCCTCCTACGT	GCATTTTTATGCATCCATGCGGTAGCCACGGCGGCCGTTCTGTGTTACCATACGATAGTCATAATTGCGTCAACGATCGGCCTCCTACGTTGGCTGGAGA
insertion_36	random	3176217	3176226	random	1102026	1102035	10	FALSE	CTCGGCTCCCACTTCTTACTTCACTCGAAAAGGTAGGGTGACCAATACGAAAGAACCTCCTCAGATTACACCTGAGGTGCAATAATCGTCTCTTCGGCGA	AACCGTTTGGAATACCTTATGACGAGGTGTCGACGAATCTAGTGTGCTGATTGTAATAAGCCACCAATGATCATTTTCAAAGCCGCATCCCGTCAATCCG	AATACCTTATGACGAGGTGTCGACGAATCTAGTGTGCTGATTGTAATAAGCCACCAATGATCATTTTCAAAGCCGCATCCCGTCAATCCGTCAGGAGCGC
insertion_37	random	4132983	4132992	random	4337954	4337963	10	FALSE	TTAGGGCATTTGTTTATAAGCTAACACGCCAAGTATTTTTTGTGTGGGGCCCGTGTCCACGTGGGTACAAATAGATACCGACGCGTTTAGCATGTCGCCC	TCTTCGTCGGCACCCCCAGAGGTCGTGTAGCATCCTTGATCCAACAATACGGTCGATCTACATATGAATGCGTACAGTGATCCTTGTAGATTCGATATGT	CACCCCCAGAGGTCGTGTAGCATCCTTGATCCAACAATACGGTCGATCTACATATGAATGCGTACAGTGATCCTTGTAGATTCGATATGTGCCACACTAC
insertion_38	sim	2842772	2842781	sim	346646	346655	10	FALSE	TGAAAAAAAAATCTGTTATTGAGTTGGTTCTTTGTCTTTCATCTTATGCTGGGAAATGTGCCATGTGTTTTTCACCATCCAATTAATTTAAACACAAATA	GGGAGACTAGCACTCACCACAGCATTTTTAAAACTAGGGTGAGACTTTTCATCTGAATTAAAAATATATTTCACTATATGCATTCTTCCCTTTTCAGTGT	CACTCACCACAGCATTTTTAAAACTAGGGTGAGACTTTTCATCTGAATTAAAAATATATTTCACTATATGCATTCTTCCCTTTTCAGTGTGTGAGTTAAA
insertion_39	sim	4329347	4329356	random	3741498	3741507	10	FALSE	ACATAATATTAGTTTTTAAAAACAAAATTAATGAGAATGTGCCTACGGTTCCCCTATACAGTTTCTCCTGCCCAGATCCTATTACCCACACCCACCACAC	TATGTGAATCAGCGTTTGATACGTAAAGGCGAGTCTCCCAGCTTGGCATTTCCACAGTCTCTAGCTGATAGGGTTACTACTTAGATGGCAGCGAGTAATC	AGCGTTTGATACGTAAAGGCGAGTCTCCCAGCTTGGCATTTCCACAGTCTCTAGCTGATAGGGTTACTACTTAGATGGCAGCGAGTAATCCCTAGTTAAA
insertion_40	random	4210207	4210216	sim	3770446	3770455	10	FALSE	GGGGATACGGTCTGACTAGAACCATTCCCCCACAGGAGCAGTAACATACCTATGAGCGCTTTCCGTCGAGGCACCATGTCCGGGACCAGCCCTCGTACGA	AAATAGAGACACAAAAAACCCTTCAAAAAATCAATGAATCCAGGAGCTGGCCCATAACTCTTTTTTGAAAAGATCAACAAAATTGATAGACCACTAGCAA	ACAAAAAACCCTTCAAAAAATCAATGAATCCAGGAGCTGGCCCATAACTCTTTTTTGAAAAGATCAACAAAATTGATAGACCACTAGCAAGACTAATAAA
insertion_41	random	3916766	3916775	sim	3770783	3770792	10	FALSE	AGCGGTGTACGCCCGTTACTATTTAGTGCCAATCTATGGTTCTTGCCACATCATAGTCCGCGCCGCATTAGCGAGAGGCCCAACGATAGATCTGGCGTTG	AATTAATAGCTTACCAACCAAAAAAAGTCCAGGATCAGTTTCTTCTCATAACTGTTCGCTAGTGCAAGAGACAATGGTCCTTCTTCTTCCTTTGAGTTTG	TTACCAACCAAAAAAAGTCCAGGATCAGTTTCTTCTCATAACTGTTCGCTAGTGCAAGAGACAATGGTCCTTCTTCTTCCTTTGAGTTTGGTGTGGTCAT
insertion_42	random	116694	116703	sim	1771268	1771277	10	FALSE	CCACCCCTGGAATGCGCACACTTGTGAGACTGCGTCAGGGCAAGTGTCCTTCCATTTCTGCGGGTGATTCGCGAACGACAACAAACGTTCCTATCCATTA	CAAACTGTTGTCTATTCACAGGAGATTCTTAGACATGAGAGCTATGGGACCTCGATGCCCAATCTCTTTTCAGATCCTGACAGTGTCCCTGGGAAATCTT	TCTATTCACAGGAGATTCTTAGACATGAGAGCTATGGGACCTCGATGCCCAATCTCTTTTCAGATCCTGACAGTGTCCCTGGGAAATCTTTCTGTTCTTA
insertion_43	sim	3468715	3468724	sim	4368051	4368060	10	FALSE	GAGAGCTTAACAGGTGCGTGCCCCCCTCCTCCCACTAAGGGCCAGGCCTGTGGGCCACGTGACCCTTACCCTGGCAGGACAGGGCAGGGGGTTACTGTTG	AGGGACCTGAATAACCTCTAAACTCTAGAAAGACCATGGCTCACTACAATGGCATCAGAGGATGGGTGAAAGTCCTGATGCCTGGCCTCCCAGTGTCTAA	ATAACCTCTAAACTCTAGAAAGACCATGGCTCACTACAATGGCATCAGAGGATGGGTGAAAGTCCTGATGCCTGGCCTCCCAGTGTCTAATTCCAAACTC
insertion_44	sim	409707	409716	random	4442084	4442093	10	FALSE	TAGCAATGAGCAGGGCTGAAACTCAAACCCAGGGCGATCTGTTACACATGCCTACTCCCTTATGCTGTCTCAGTTTAATCTTTCAAACTTATTTAAGATG	GCAACGTTTATCAAGACCCTGCCTGTATGTGCAGGAGTTCCAGTTCTTGACTGGCCTCTTCGCCATGTTATATACCCCGAGGCACAAAGAAAGGCTGCAC	TCAAGACCCTGCCTGTATGTGCAGGAGTTCCAGTTCTTGACTGGCCTCTTCGCCATGTTATATACCCCGAGGCACAAAGAAAGGCTGCACTGTCCTTTCC
insertion_45	sim	2398033	2398042	random	1508199	1508208	10	FALSE	GTGATTGGAAAAAAAAAAAAAAAGGACACAATGATGGAGAAATGTCAAATAGCAATGGAAAGAGCTCCCAATGGCCAAAGCTGGAATAATTAGACCAACA	CATGTGTAATAGTGGTTACACTAGGTAGCAACATTCTGGCTCCGTCTGCTGGACAAAGGACGTGCGATACCGCGGCTGCTCCTGTCGCCTAGAGATGAGC	AGTGGTTACACTAGGTAGCAACATTCTGGCTCCGTCTGCTGGACAAAGGACGTGCGATACCGCGGCTGCTCCTGTCGCCTAGAGATGAGCGCAAATACCC
insertion_46	sim	3237888	3237897	random	296761	296770	10	FALSE	AGTGCCCTTCAAGAGCCCAGCACATTGGGAGAAAATAGACTAAGATCAAACATTCTAGAGCAAAACCATAAAAGCTTATACCAAAGATCAAGGGTTGCAA	AACCGACGTATATACGTAAAGATACTCTTACTCAGTCATCAGACTTGATGAATCCCTATGTAACCGAGTTTGTAGAGTCTGCTTCAAGCGGGTTTGTCGA	TATACGTAAAGATACTCTTACTCAGTCATCAGACTTGATGAATCCCTATGTAACCGAGTTTGTAGAGTCTGCTTCAAGCGGGTTTGTCGATTCCAGTTCC
insertion_47	random	1873739	1873748	sim	3866126	3866135	10	FALSE	AGATTCCGGCATTCGACTAGTGTCATTGTCGTCAAAACAGACCTGCGGTCGAACCCTGCAAGTGTATTTGGCCTAGCTGTTCATACAAAGAAGGCGCATG	TCATTGTCAGGAGCTCAGCAACACTGTAGATTCTTCCTAGGGTAGCAATGTTGATTGAGGCACTGGAGATGGTCCCACTTTACCTCCTCTGCTGTCTACC	GAGCTCAGCAACACTGTAGATTCTTCCTAGGGTAGCAATGTTGATTGAGGCACTGGAGATGGTCCCACTTTACCTCCTCTGCTGTCTACCTTTGATCACA
insertion_48	sim	4348279	4348288	random	1923541	1923550	10	FALSE	AAATAACTATTTTCCAAAGTTCAAAAAAGTGAGAAGAGTGATGTTGGCTTCAAACCTCTTCACTGAATGTCTACCTTAATAAAAGAAGCTGGAATCTCGT	CACTTGGACTCCCGGCGTTGCGCGGAGTGACGGGAACAAACGATCACGCGTACATTTCTGGCAGTCCGGAAGAACTAATTTGTACAAACGGACTAGTTGA	CCCGGCGTTGCGCGGAGTGACGGGAACAAACGATCACGCGTACATTTCTGGCAGTCCGGAAGAACTAATTTGTACAAACGGACTAGTTGACAAGATGCGC
insertion_49	random	927254	927263	sim	4397569	4397578	10	FALSE	GACCCCCAACCACTAACGATTTGGTCGGGTCCGACGTCGACTGGGCTGTCGCATCTCCTAGTATTGATGTCGGGTACCGTCACCTTTAGAGAGCGAGCCG	GGGATTCAGTTAACAGTTTTCTTCCTTTTTTTCCTGAATTCCTGGGCCAGACGAGGAAGGAGCATCAAGCTTTGCCCTCATTTTTCTTGTCCTCACTCAT	TAACAGTTTTCTTCCTTTTTTTCCTGAATTCCTGGGCCAGACGAGGAAGGAGCATCAAGCTTTGCCCTCATTTTTCTTGTCCTCACTCATCAGAGTGTCC
insertion_50	random	2384147	2384156	sim	4428363	4428372	10	FALSE	TAAGTCCTGAGAAATCTCTACCGACATATATTATGCTCTCTGTCCCCAACTTAAGAGATATAGCCGTCCTTGGGTTACTTGACGTGTAGGACGAGAGTTT	AGCCTCCTGAGTAGCTGGCATTACAGGCACACACCACCATGCCGGGTTAAGAAGTTACGTTTTTTTTATTTTTAGTAGAGATGGGATTTCACCATGTTGG	GTAGCTGGCATTACAGGCACACACCACCATGCCGGGTTAAGAAGTTACGTTTTTTTTATTTTTAGTAGAGATGGGATTTCACCATGTTGGCTAGGCTGGT
insertion_51	random	2188050	2188059	sim	1247059	1247068	10	FALSE	TGTCTTTTGAGGGCGTGGTTAGAACGGTTTATTTCCGCACTTACCAAGTCGGTCCTCGTCTGAGAAGCATGATACAACAAGTAGAGACCTCAGGGCTCAT	GACCCGAGGTGAGCCATTGAGCATCACTGTCACAGCTGTCCAGGGCAAAAGTTTCACGACCAGATGTTGTGTGCTCTGATTCAATGCCCTGGGTCCTCCA	GAGCCATTGAGCATCACTGTCACAGCTGTCCAGGGCAAAAGTTTCACGACCAGATGTTGTGTGCTCTGATTCAATGCCCTGGGTCCTCCACTGACACTGC
insertion_52	sim	2062286	2062295	random	1793953	1793962	10	FALSE	ATATATGCGCATATATCATACAGGTATATGCGCATATATCATATAGGTATAGATATATGATATATGCACACATATCATATAGGTATATATGATATATGCG	CTAAGGGGCCTGTCCCGTGTGACGTCCAATATATATACTTACGTTCGTCTAGGTATAGGTTCTCGTTGGAACGCAATAGATGGCTTGCAACGCACTTGAG	TGTCCCGTGTGACGTCCAATATATATACTTACGTTCGTCTAGGTATAGGTTCTCGTTGGAACGCAATAGATGGCTTGCAACGCACTTGAGGGCTGCGATT
insertion_53	random	571993	572002	random	4337402	4337411	10	FALSE	CATAGTAAGCATTCCAGTACGGAAGTACAGACTTATAATGGGTCGGGCGTCATGACGCGGGGAAAACTATCAGCGGGGGTAAAGGCTTCTGTGAGTCCTG	CGCAATCGAGAATCTAATATAGCCTTAAATTAACAGAAATATAATAAGGGACGAAGTGAGAGGCCACGGTTTTAGTGGCTATATATGAAAGGGTGGATTA	AATCTAATATAGCCTTAAATTAACAGAAATATAATAAGGGACGAAGTGAGAGGCCACGGTTTTAGTGGCTATATATGAAAGGGTGGATTAGGAGAATGCA
insertion_54	random	2093277	2093286	random	1919231	1919240	10	FALSE	CTCTTCTGCATAAGGGATTGCTGCCATAACATAGGGAGCATAAGGCATAGTGACAGGTGAGACAGCGAGCAATTCAGCTCGCCGGGAAGATTTTCGGGGC	GCGCATATACGCTACAGCCATTTTCCATCTAATTCCGGACCTGACTCAAAACAACGCGTCCAGTTAGCTAACCCGCCACGGATTGAGCTTGTTCTAAGAA	GCTACAGCCATTTTCCATCTAATTCCGGACCTGACTCAAAACAACGCGTCCAGTTAGCTAACCCGCCACGGATTGAGCTTGTTCTAAGAATTTGTCGTAG
insertion_55	random	2245832	2245841	sim	1607816	1607825	10	FALSE	ACTCCGTTAGGGGGTTTCTGCATCGTGTTCATTATATCGGCGTAGTCGTGGCGAGTGTCCGAGATTCTTAAAGCTCAGGTTTTTTACGCAGCGGATTTAA	GGCTGATGAGTAGGGGCAATGATATTTTATAACAAAACTTGAATTGTTACTCCGGCTGGGGCTCTTTAAACTGTATGTATTTGTAACTTTGCTAAAAATA	TAGGGGCAATGATATTTTATAACAAAACTTGAATTGTTACTCCGGCTGGGGCTCTTTAAACTGTATGTATTTGTAACTTTGCTAAAAATAGAAACTAGTA
insertion_56	random	2290288	2290297	sim	1369541	1369550	10	FALSE	GTCTAGGTGCACTGGGCAAGTTCCCTGCCTCAGGCGCGCTGCTACGCGGGAATTTAATCTATGGGCTCATCCGTCTGAAAACGAGGCCAGGGTCTGAGTG	ATAATACAGTGGATCTGAATTTATTATTGCTTATAAAACACATTTGATGGAAAAGAGTTCAATAGGAGTACTGGTTTTTCATAATGGTTAAAAATGAAAC	GGATCTGAATTTATTATTGCTTATAAAACACATTTGATGGAAAAGAGTTCAATAGGAGTACTGGTTTTTCATAATGGTTAAAAATGAAACCAGCTGTGGA
insertion_57	random	2384366	2384375	sim	3847630	3847639	10	FALSE	GCATACCCTTGCCAGACCGCCCGCGACCCCATCTCCTCGTCTCCGCTGAGATTTAAGGGCTCGTACGGACGCCGGCAGATGAAGGTCTCCCTGGCCTCCC	CGTCTCTCGGTCGCTGGCTAATAAAGGACTCCTGAATTAGTCTCAAAGTGGTCCTGGTAATGGCATTTCTCTATAACTCGCTTGGTTACAACAGTACCTT	TCGCTGGCTAATAAAGGACTCCTGAATTAGTCTCAAAGTGGTCCTGGTAATGGCATTTCTCTATAACTCGCTTGGTTACAACAGTACCTTTTTCTTTAAA
insertion_58	sim	3807413	3807422	random	3526626	3526635	10	FALSE	TTGGGGAGGATGGAAGGAGGCCCTGAACAGACAGCTGCTCCCTTTGTTCTCCCTCCATGCCTGAAGGTGACCCTGTGGCAAATGCCCTTGTGGTGAGGTG	GGCGCTGCGAGGGTCTAGACGGACATCGTCGCAGACTGTCGAATATTGACCTCAACCCAACCCACGGCTTTAACTACGCTTGATGAGAGGAGGAAAAGGA	GGGTCTAGACGGACATCGTCGCAGACTGTCGAATATTGACCTCAACCCAACCCACGGCTTTAACTACGCTTGATGAGAGGAGGAAAAGGAAACGTGAGAC
insertion_59	sim	2422760	2422769	random	2706142	2706151	10	FALSE	AAAAGCCTGCATGTTTCCATTGAGCATTGTAAAAAGAAAACTGAAAAATGAATATGTCCAAATAAATTAGTAATCACACCCAATATGAAGGGATAAAATT	GGCAGGCCCCTACCGCCCCCATATTCTGGGATTAGCGCCTTCAAAGGGCCAGATTATATGTTGCTGGCTCCTTGTACGAGTCATCCGTGGTCCGAACTTT	TACCGCCCCCATATTCTGGGATTAGCGCCTTCAAAGGGCCAGATTATATGTTGCTGGCTCCTTGTACGAGTCATCCGTGGTCCGAACTTTGACACGAGAA
insertion_60	sim	313568	313577	random	3943946	3943955	10	FALSE	GTACTTTCAAATGGAGGAAAAGCATTCCCTGAGGAGAAAAACTGCAGTTAAGACTTTCTTTGAATTAAGCAGCAAACAAAAAAGTATTTTAATATTTTAG	CGTCCGGAATCGAGCCCACCTACAGGCGGGGTTGATTAAAGACCTTAAAATGCCAAAGAAGACGTCGTTCGCGCTTCGGAGGGACCATTCGAACGGACAT	CGAGCCCACCTACAGGCGGGGTTGATTAAAGACCTTAAAATGCCAAAGAAGACGTCGTTCGCGCTTCGGAGGGACCATTCGAACGGACATGTGCGTATTA
insertion_61	random	3155682	3155691	sim	3370222	3370231	10	FALSE	TATGCATGTTAAACTGTTTGGCCGCTGTTTACCAGGGACATCGGTATGTCTTAGATAAATCCGGAAGCCGTGAGTTGGGTTTACCGCCCCACAACATTAC	CTGCTTGAACCGGGGAGGCAGAGGTTGCAGTGAGCTGAGATCGCGCCATTTGATACGGCTGCACTCCAGCCTGGGTGACAAGAGTGAAACTCTGTCTCAA	CGGGGAGGCAGAGGTTGCAGTGAGCTGAGATCGCGCCATTTGATACGGCTGCACTCCAGCCTGGGTGACAAGAGTGAAACTCTGTCTCAAACAAACAAAC
insertion_62	random	2775693	2775702	random	568525	568534	10	FALSE	GGCTGGCTCAATCCACTCTAGAACGGCACGAGATCGTTGGCTCAATGCTATGGATAACTGAAGACCGCCGATGGAGCTCATGCAGATGAGTGCAATTTAT	TTAGAAACTACCGAATGTTTTACATTCAGTATGACGTTCATCTGGGATGTTCTATTTATATCTCACCGCGTGGGCATATGTCGAGTCCCTGGGAGAAGCG	CCGAATGTTTTACATTCAGTATGACGTTCATCTGGGATGTTCTATTTATATCTCACCGCGTGGGCATATGTCGAGTCCCTGGGAGAAGCGTGTTCGCAGT
insertion_63	sim	3227744	3227753	random	4623228	4623237	10	FALSE	ACACTCTTTATTTTGATAAATACACCAGTTTGTTCTCTAAATAGCTGTACTCCTGAAATTGGAACAGCTGTTTTCCCACACCTGCTAACATTTGAAATCA	CATCTTACCCAAACCATTCGTCAATATCAGCTGGCGAGATATATCAGGGATGATGTGTTCGCGTCTTCATTTGGTTACAAAATCCTTACTATGGGAAGAC	AAACCATTCGTCAATATCAGCTGGCGAGATATATCAGGGATGATGTGTTCGCGTCTTCATTTGGTTACAAAATCCTTACTATGGGAAGACGGCCGGGGCG
insertion_64	sim	4261172	4261181	sim	3941381	3941390	10	FALSE	TGGCATTAGAGAGGAAAGGACTGAGATAAGGGGTGACAAGGATGTAGTTGTGAATTGCTATCTAGGCAAAGCCTGGTTCACCCGATATTGGCAGGGAGGG	AATAACTAAAAGAGGATAATTAAGTGGTTTGTAACACAAAGGATAAATGCGTTAGGACTTTTGACAGGGTAGATATCTTATTTTCCATGATGTGATTATG	AGAGGATAATTAAGTGGTTTGTAACACAAAGGATAAATGCGTTAGGACTTTTGACAGGGTAGATATCTTATTTTCCATGATGTGATTATGATGCATTGCA
insertion_65	sim	2672289	2672298	sim	2312418	2312427	10	FALSE	TTATTAAGAAACTAGGCCAGGCACAGTGGCTTACGCCTGTAACCCCAGCACTGAGGGGGGTGGATCACGAGGTCAGGAGTTTAAGAGCAGCCTGGCTAAC	TCCTGATGCAAATCCCCCTAACTCACCTCAGGGCCTTTGCAGTAGCTCTGCTTTGGGAGGCTGTTCAGTATTCCTGCTCTTTCTCATAACCTGCTTCTTT	AATCCCCCTAACTCACCTCAGGGCCTTTGCAGTAGCTCTGCTTTGGGAGGCTGTTCAGTATTCCTGCTCTTTCTCATAACCTGCTTCTTTTAAAGTTCCA
insertion_66	sim	1613842	1613851	random	294798	294807	10	FALSE	TGCTGCCCTTCTGAAAATGGAGATAGTCAGTGGGAAGGCAAGGGCCTTGAACTGTTCCCCAGTGTCTTCAGATTGGTGGATGACAGACAGGCCTGCCAAG	GCTTTGGTTGCCCTAGAAAACCGTCCGATAGTATACGGACCGCGTCACATGGGGATCTGACTTTAGTGTTCCTTTCGCGACGACACTAGTACAGCGGAGG	CCCTAGAAAACCGTCCGATAGTATACGGACCGCGTCACATGGGGATCTGACTTTAGTGTTCCTTTCGCGACGACACTAGTACAGCGGAGGCACGGCGGTA
insertion_67	random	890958	890967	random	361747	361756	10	FALSE	TGATCCCAGAGGAGCCATCCAGGAGAAGAGAGGTGTCACTGCGAGATGTAGTGAGACAACGGCTCTTGGCTGATCCCCTGCGTAAGCTCGCTTCAAAGAT	GTGGCTATTGTGTGCTACAACTTCGTCCTTCAGAGCTACGGACACTATACAGTAACACCATAGTTTTACGATCGACGTTGACTGGAGAGTCACCTCATTT	TGTGCTACAACTTCGTCCTTCAGAGCTACGGACACTATACAGTAACACCATAGTTTTACGATCGACGTTGACTGGAGAGTCACCTCATTTGGTAAGAGGG
insertion_68	sim	3805179	3805188	sim	1117127	1117136	10	FALSE	GCGAATGCTCTTATGGATCGGGCAACAAACAAGGCTGGGACTCAGGACCCGGCAGCACCCACCTGCTCCCTGGCTCGTAGCACCCGCAGCAGGCGTCTGT	TAACACAGGCAAGATCACTAGCCAGTACCTGGCACGGTGTAACACATGGTCTCAGGTGGAATTTGTTGGCTGAATGACTGAATTTGAGCAGCATTGGGGT	AAGATCACTAGCCAGTACCTGGCACGGTGTAACACATGGTCTCAGGTGGAATTTGTTGGCTGAATGACTGAATTTGAGCAGCATTGGGGTTCTCTCTAGA
insertion_69	random	4495984	4495993	random	2639705	2639714	10	FALSE	TGGCGACATGATCTTCCGTTCTATCGGTGGGGGCGCCAGATGGTTCAATACAACAGGGTGTCTGCGATTGCTAATCCATATGCTGGGCACCTTGGTAACC	AAAGTAAGGGCGGCGAGCGGTTTAGTGGCTTATCGTGGGTGAAAGGGGCTAGCGAGTAAAACTTGCTGCCACGAGCGTTCGCCAACGCTGTCCCTGTTAG	CGGCGAGCGGTTTAGTGGCTTATCGTGGGTGAAAGGGGCTAGCGAGTAAAACTTGCTGCCACGAGCGTTCGCCAACGCTGTCCCTGTTAGTCGAGATAAA
insertion_70	sim	3706093	3706102	sim	2689804	2689813	10	FALSE	AGGGTGGATGACTCGGATCTTCCTGCTTGATATCTCCAGCACCCAATCGACACATCACATGCTCAATAATACAGGAGGAGGACACAATTAGGCCCATTTT	ATCTAATCCTCCCAAAGGTCCCACCTCTAATCAACATGTGAATTTGGTGAGCGTCTACCATTGAATTTTCAACATCTGAAATTAGGGAGACACACTCAAA	CCCAAAGGTCCCACCTCTAATCAACATGTGAATTTGGTGAGCGTCTACCATTGAATTTTCAACATCTGAAATTAGGGAGACACACTCAAACCACAGCTGC
insertion_71	random	1845038	1845047	random	1247693	1247702	10	FALSE	CGTGGTACTCCTGGAGAGGTTACGACTGCAAGCAGAAACAATATAACTGCAACAGACGATGGCGGCATGCGAAGTGCTTATCCGAGGGTAATATTTTGAC	CTCCTGTTGGCCTATGATGACTTCACCTAGAAGCAACCGTGTTATCTCTGGGTTCACGGTGTCCCATCCAGTTCTTAGTATTCTGATACGAGATTGTGGA	CCTATGATGACTTCACCTAGAAGCAACCGTGTTATCTCTGGGTTCACGGTGTCCCATCCAGTTCTTAGTATTCTGATACGAGATTGTGGAATTAAGATTA
insertion_72	sim	1199326	1199335	random	3826103	3826112	10	FALSE	ACTCAGTAACAAAACAACTTTCTAGCTCTTCATTTCAGCAAAACCAAGTTCAGGGGTGAGTGCTTGAACCATGGCAGGAACCATGACTTTTTTTTTTTCT	AACTAAACAATTACGTTAACCGGTAGCGGGCCCTAACATTTAACATACCACAGTATCTTCTACTCCCGCCTTTGCTTAACATGGATATTATCGAGAGAGT	TTACGTTAACCGGTAGCGGGCCCTAACATTTAACATACCACAGTATCTTCTACTCCCGCCTTTGCTTAACATGGATATTATCGAGAGAGTGTATTTGAGG
insertion_73	random	4425908	4425917	sim	2899587	2899596	10	FALSE	GACTAGGCAGCGCAAGTTTTGAGTTACCGGAACAGTGGAGTCATCACTAGAGCAATAAACGACGAGAGATGAGCCTGGACCACAGTTTAATCCAGTCTAG	CGCCTGCCTCAAGTAACTATCACAGTCATCTTCCCACTCACTTCTTCCCCTTCATCGCCAATTGGTAAATCTTACAAATTCAAGTTGCCCATGAAGGATT	AAGTAACTATCACAGTCATCTTCCCACTCACTTCTTCCCCTTCATCGCCAATTGGTAAATCTTACAAATTCAAGTTGCCCATGAAGGATTCTTGTATTTT
insertion_74	sim	3621168	3621177	random	2448962	2448971	10	FALSE	TGTGTAAACGGCGCTCATCATTTTGGATTACAGGGTTAACATTTATTTTCCATTCACCAGAGCAGAGCCAGTGACTGAAGAACCACATCTGAGTGGAAGG	AGCGCCGCAGCGGCTGAGAACGAGGGTAGACCAATTTCTTCCCAAGAGCCTCAAGGAGTGACGTAAGGACGCTATTAAAGCACTTTAGAAATTCTCATGT	CGGCTGAGAACGAGGGTAGACCAATTTCTTCCCAAGAGCCTCAAGGAGTGACGTAAGGACGCTATTAAAGCACTTTAGAAATTCTCATGTATACACCCTT
insertion_75	random	1203010	1203019	random	4403603	4403612	10	FALSE	TACGATGACTGAGTATATTTAGTCATCGGTGATAGCGACTCGATGCTCACCATGTAGTGTCCCTCGCAGCTGGCTTCAGAATCTGAACGGGTAGCTTGGT	TAAAAATGTGCAAGGTACCGCTTATTCCGTCAGTTCAACTTCGAGTAAGGAACTGAAGTGCAATGAGTTGGAGTCTCAAGAGCCGCTTGAGTGGAGATAG	CAAGGTACCGCTTATTCCGTCAGTTCAACTTCGAGTAAGGAACTGAAGTGCAATGAGTTGGAGTCTCAAGAGCCGCTTGAGTGGAGATAGGTTACTTTCT
insertion_76	sim	2324974	2324983	random	3196646	3196655	10	FALSE	ATGATCATTTTTGCAGGAAAAAAATAACTGGATATCGGCAATTTTATATGATACATTGCATGGCATTGTCACATTGTATTTTATTTAACCCAGGCAAGAA	AACTGATATGGTTTTACGCTTGTCACCACCCTAATATAGACTAATGTTTCATGTAACCTAAGGACGAATGTGGACCTTCCGTTGGGTCCTTTCCTGAACC	GTTTTACGCTTGTCACCACCCTAATATAGACTAATGTTTCATGTAACCTAAGGACGAATGTGGACCTTCCGTTGGGTCCTTTCCTGAACCCTTGTCAATC
insertion_77	random	2152131	2152140	random	531735	531744	10	FALSE	TTGCCACCGTCCGCAGTGGGAGGATCCGATATCGAGCCTCCAGTCCCGAAACTCTTTACGGCTTGCTCTGTAATTCTTATGCCGTGGTGTATACCACCCC	TGTGACTAACAGATCCTCCAGTAGTGACTCCTATTGAAGCCAAACCCCCACGGAATTGCCTAAAATATTCCCTTGAAAGTGCCAACGGTCACTCATGCTC	AGATCCTCCAGTAGTGACTCCTATTGAAGCCAAACCCCCACGGAATTGCCTAAAATATTCCCTTGAAAGTGCCAACGGTCACTCATGCTCAGGGACGAGC
insertion_78	sim	4624278	4624287	random	2606598	2606607	10	FALSE	AGCTACAACAATGGTTTGCAGGAGTCAAGGCACCCTTCTCGCCTGGATAGTGTGCTTCCCGTGGGAATGTGATCATGTAACCTTGTCCCACACAGAGCCA	AATCAGATTCCTCTATGTGCCACACTCTAGGATGAGAGAGGACACCCATTAAGCCAAGCTTCCCGTGAGCTTTCCTGTGAGCCGACGATTATTGGGAGTT	CTCTATGTGCCACACTCTAGGATGAGAGAGGACACCCATTAAGCCAAGCTTCCCGTGAGCTTTCCTGTGAGCCGACGATTATTGGGAGTTAAGTTTCCCC
insertion_79	random	3545183	3545192	sim	290827	290836	10	FALSE	GCCTGTCACTCTCTTCATCCTACCAACCAAAACGTGGGAGCGAATGATAGCTGCGCAAGCACCACTTTAACGTATCGGGACGCCTTATGTTATTGTTACA	CCCTTATTAGTTAACTTTGGAACCTACTGCAGCTTTTGTGTATCTGGTTCGCGGTTAGAGTGGTTTTAACTAAACTAACCCTCCACAAAATTGACATGAG	TTAACTTTGGAACCTACTGCAGCTTTTGTGTATCTGGTTCGCGGTTAGAGTGGTTTTAACTAAACTAACCCTCCACAAAATTGACATGAGCATTTAACGG
insertion_80	sim	1879929	1879938	random	3120603	3120612	10	FALSE	GGTTCTCAGTCTGTCACCCAGGCTGGAGTGCAGTGGTGTGATCACAGCTCTCAACCTTCTGGCTCAAGTGATCCTCTCACTTCAGCCTTGGAAGTAGCTG	GAAGTTCAGGATAGCATGGCTAGTAAACAAGATCCGAGTTATTATATCTAACTGCAGCCTTTAAGTGATGACCATGATCCATCAAACTACATGTGCCTTA	ATAGCATGGCTAGTAAACAAGATCCGAGTTATTATATCTAACTGCAGCCTTTAAGTGATGACCATGATCCATCAAACTACATGTGCCTTACTGCCACCTG
insertion_81	sim	2595702	2595711	random	2682030	2682039	10	FALSE	TCGTTCTGTTTGTCTGCCTATTTATCTATCTTTCTGTCTGTCTATATGCATTTTAGATAGTATTTACCAACCTCTAACACTGGTTGTTTCAGTTTACATA	ACGTTTATCAACAGCTCTTCCAATGTCACCTAGCTGGGTACATTACCTCCAAGATGGATGTACAGATTCCCTACGGCCTTATACTCCTCGCGACCGAGGA	ACAGCTCTTCCAATGTCACCTAGCTGGGTACATTACCTCCAAGATGGATGTACAGATTCCCTACGGCCTTATACTCCTCGCGACCGAGGATACATCCTCC
insertion_82	sim	3220285	3220294	sim	607447	607456	10	FALSE	TTGCCTTTAAAAAATCCTTTAGGAAAACAACACATCTTATATTTTTCTTTCTTCCCTGTGTCACTCAGGCTGGAGTGCAGTGGCGCTATCTCAGTTCACT	ACCTTTCACATGTACAACAGGAGCATGAATATGACAACATTAATGTAGGGGCTGGGGGGGAATGGGGTAGATTTTAAAATCGTGGACTATTACGATAAAA	TGTACAACAGGAGCATGAATATGACAACATTAATGTAGGGGCTGGGGGGGAATGGGGTAGATTTTAAAATCGTGGACTATTACGATAAAAAGAAAAGTTG
insertion_83	sim	910787	910796	random	4549093	4549102	10	FALSE	AAGTCGCCTGTACACAAACCTCATCTTAAGTTCCATTTCTACTAACCTGGATACCAAGCAAAATACATCATCTCCCCACAAAATGAAAAAAAATATAGTT	TAGCAATACAAATCCACAGTCCCGAGGACGACTGCGCGTAACATGCATTGCCCAACATATTAATGCCTATCTACAAATGTTTCCGGTTATGGTCACCTAC	AATCCACAGTCCCGAGGACGACTGCGCGTAACATGCATTGCCCAACATATTAATGCCTATCTACAAATGTTTCCGGTTATGGTCACCTACTTCCTCGGGA
insertion_84	sim	4192310	4192319	sim	3809323	3809332	10	FALSE	AGAACACTCCACACAACATACGAGGAGTACACATTGTTCTCATGTAAATGTCCAAAACAGCCCATATGTGTGATATTATATATATAACATACATATTTTA	AAAGATACCAATGTATGTTGCTTTTCTGAGGAGGTACAAGTGCGATGTCCTGAAACATTCAGTATGGAGTGATAGGAAGTGGCAGGTGGGGGTAGCTGGC	ATGTATGTTGCTTTTCTGAGGAGGTACAAGTGCGATGTCCTGAAACATTCAGTATGGAGTGATAGGAAGTGGCAGGTGGGGGTAGCTGGCCAGCTGCTCC
insertion_85	sim	4152767	4152776	sim	3393666	3393675	10	FALSE	CTATTTAGTAGTGTTAAGTGTATTTACCAATCTCTAGAACTTGCAAACATTGGAGCTCCATTCCCATTAAACAATTATCCATTCATTCGTCCCTACAGCA	ACTTTATTAGTCACTGAAAATTCTTTGAAGGTACAAAAGCTTTACTGATTCTTACAAAACTTATAACCAATCAGATAAACACAATGTGAAAATCTAAGAA	TCACTGAAAATTCTTTGAAGGTACAAAAGCTTTACTGATTCTTACAAAACTTATAACCAATCAGATAAACACAATGTGAAAATCTAAGAAGAGTATATGA
insertion_86	sim	4563907	4563916	random	2844345	2844354	10	FALSE	CATGACATCTGCCATTCCTCCCCAGCATAAGGCTTCTAAAGGTTTCGATTTTCACTACAGAGCATCCTGTTTGTTGCCCCTTATGCAACCTACATTTTGA	GAACTTTAGGTAGCCTGGAAAAAGAGCGGCGAAACGGCTGATTAGAATTTCCCAGCCTTTGCCGCTAACCCGTCTATTCGTATACGCGTGTTTAGGTACC	TAGCCTGGAAAAAGAGCGGCGAAACGGCTGATTAGAATTTCCCAGCCTTTGCCGCTAACCCGTCTATTCGTATACGCGTGTTTAGGTACCGTTATTCTAT
insertion_87	random	3648452	3648461	random	2349501	2349510	10	FALSE	GTGGTTCCTTGCAGACTCCGACTTCGAGAGATTATCCCACGGCTGCCCGAGGACAAAACACGAGTGTGCACGTGGCTATGCTCAGCCGTAGTTGTTTTCA	ACTAAAGACAGCTCGGTCCGGCCGTGCGCCATTATGCGTATTACGCCTACCTTAGGTAAATTGCGGAATCAGTCGCCTGAGTCACTCCCAAAGACACTGA	GCTCGGTCCGGCCGTGCGCCATTATGCGTATTACGCCTACCTTAGGTAAATTGCGGAATCAGTCGCCTGAGTCACTCCCAAAGACACTGATCGCAGCGAA
insertion_88	random	4416210	4416219	sim	2079620	2079629	10	FALSE	GTGTGGCAAGTATTCATCGTCTCCTCAATTGGACTGTTCGGAAACCAAGCATAACACTTCCGATAGCAGTTTAAGTGTACGCCACGACGCAAAACGGGCG	GATGCTGTCTAACCAAAGCCTGAACTGAAAGGGCAGTGATGGGTATTTCTTGTCGCTGTGGTTTTCCCAAAGATTTTTCATATCATAGTGTAATTATATC	AACCAAAGCCTGAACTGAAAGGGCAGTGATGGGTATTTCTTGTCGCTGTGGTTTTCCCAAAGATTTTTCATATCATAGTGTAATTATATCAACAAGCACC
insertion_89	random	530756	530765	random	4189950	4189959	10	FALSE	GGCTGAGGGCACGTGCGCTAATTAGGGAGATCATATGTAGTGCCCACATATCAACTCCAAACCAGGATGGAGGCGTGAACAAAGAAAATAGCCCGTTCGT	TAATGCCGGGCGGTCCTTTCAAACGTAAAGTATCAGTCACACGGAATTCTCATGCACAACTACGAGACCGCGAACCTTATAGGAAGAGCCAGAGGTGACC	CGGTCCTTTCAAACGTAAAGTATCAGTCACACGGAATTCTCATGCACAACTACGAGACCGCGAACCTTATAGGAAGAGCCAGAGGTGACCTTCAGAAAAC
insertion_90	sim	1317662	1317671	sim	4388112	4388121	10	FALSE	GCCCAGGGGAGCACCAACATTAACTCATTTCTGCCCAGTGTTCCATTATTGCTTGTGGGAGTTATTTATATCCTACTGCTAAAGGTCATCACCAAGGTTT	TTCCTTGGAACCAGTCCTCTAGAACACATGCGCAGGTTTTGGAATAAATCGGAACGATAAATGAACTGATGTTAAACCTAAAAACTTTTCTTTTTACCAA	CCAGTCCTCTAGAACACATGCGCAGGTTTTGGAATAAATCGGAACGATAAATGAACTGATGTTAAACCTAAAAACTTTTCTTTTTACCAACAAGTGGGGG
insertion_91	random	199065	199074	sim	3855983	3855992	10	FALSE	CCACTGAGTAGAGAGCAAGGCGTGTCCAGGACGTCCTTACGCAATGTGGAAATAAATAATAGGAAAATCCACGCCCAGTTAATCTACCATAAACAGTGAA	TGTGTACACCATCCCACACATTCATTCATGCATACACAAAACTCCATATGCGGAGCCCACCACAAACACATTCATTGACTTCACAATACACATCTGCACA	ATCCCACACATTCATTCATGCATACACAAAACTCCATATGCGGAGCCCACCACAAACACATTCATTGACTTCACAATACACATCTGCACATGTGTGCCAA
insertion_92	random	3952755	3952764	sim	4612907	4612916	10	FALSE	TGTGACAAACAGCCCCAGCCACCCCCCAGACTCGCGCCACACATGTGGCGTGGTACCTCAAAACACCGGGCGGCCATTTGACAGCGGAATTCCGTGGAAG	AGCTCAGTGTTCCATTTTCAACAATCTGATAGATAAAATAAAAGATATTGCTTACCCCGCTCAGTTTCAGTTTGTGTTTCATTGGTTACTATAAAGCTGA	TCCATTTTCAACAATCTGATAGATAAAATAAAAGATATTGCTTACCCCGCTCAGTTTCAGTTTGTGTTTCATTGGTTACTATAAAGCTGAACATCTTTAT
insertion_93	sim	4548754	4548763	sim	3546328	3546337	10	FALSE	AAAAGACAAGCTACACAATGGGAGAAAAATATTTGTAAATTGCATATCTGTCCAGAATACAGAAAAATTATCTCTTAAATTTAAATGTAAGAAATTGCAA	ATCACTTGAACCTGGGAGGCGGATCTTGCAGTGAGCGGAGATGACGCCACACAATTTGTATGTACTCTAGCCTGGGTGACAGAGCAAGATTCCATCTCAA	CCTGGGAGGCGGATCTTGCAGTGAGCGGAGATGACGCCACACAATTTGTATGTACTCTAGCCTGGGTGACAGAGCAAGATTCCATCTCAAAAAAAAAAAA
insertion_94	random	2731567	2731576	sim	290769	290778	10	FALSE	TAATTCGTCTAATTTGACTGAACGAGTGCCACTTACGGGAGTTGGATGGTCCCCGGTTGCGACCTCACTTTTGGAAGTGCTTCTCCACGTCTGGGTAACT	TCTCAGATGATCCACCTGCCTCAGCCTCCCAGAGTGCTGGGACTACCACCCCATAACAGGACACCCAGCCCTTATTAGTTAACTTTGGAACCTACTGCAG	TCCACCTGCCTCAGCCTCCCAGAGTGCTGGGACTACCACCCCATAACAGGACACCCAGCCCTTATTAGTTAACTTTGGAACCTACTGCAGCTTTTGTGTA
insertion_95	sim	3819336	3819345	random	448513	448522	10	FALSE	GCAATACCATTCAGGACATAGGCACGGGCAAGGACTTCATGACTAAAACATGGCAACAAAAGCCAAAATAGACAAATGGGATCTAATTAAACCAAAGAGC	GTAGCATTCTTGGTGTCATTAATACATTGCGTCGAGAAAACTCTCAAAACCCAAAAGCAACGTGGGGTGAGCGTGACGGTACTCAGAGCACGTCGTGAGC	TGGTGTCATTAATACATTGCGTCGAGAAAACTCTCAAAACCCAAAAGCAACGTGGGGTGAGCGTGACGGTACTCAGAGCACGTCGTGAGCCCCAATAAAG
insertion_96	sim	312039	312048	random	834542	834551	10	FALSE	TGTATTCATTATTTATTTTTAAAATTATTTTAAACACATTTCAAACATGGCTGTCCTGGTCAATGATATTTCTACTGAGCACTTGTTCAGAATTTAAAGA	CACTTCAAGTGGCACATCGAGGCCCGATTAAGCTTACCCGCGGAATAAGGTGTGTGTGTTAGTTCAAAAGATTACAGCTGCGCTTGTGTTGCTTACGTTG	GGCACATCGAGGCCCGATTAAGCTTACCCGCGGAATAAGGTGTGTGTGTTAGTTCAAAAGATTACAGCTGCGCTTGTGTTGCTTACGTTGCTTATCCTAT
insertion_97	random	2379643	2379652	random	1529963	1529972	10	FALSE	CATTCGGCGACGCTCACAGATATTCTATTAATTTAACACAGCACGAAGCTGGACCAAACTAAGCGCCGTATAGTTAGGCTTCTAGCTAAAAAACGGACCG	CTTGTGAGGCTCCAGACGGATACCTCACCCTCAGGTTGACGTGCGCGAAAAGATGGAGGCATCTAGAGTATCACTGACCAATCTCGTAAACTACCTTGCC	TCCAGACGGATACCTCACCCTCAGGTTGACGTGCGCGAAAAGATGGAGGCATCTAGAGTATCACTGACCAATCTCGTAAACTACCTTGCCTAGCGAGCCC
insertion_98	random	3453561	3453570	sim	1740518	1740527	10	FALSE	AATATTGGCTAACCCGGATCCTAGGTGTGTCAACCAAACAGAAGGGATCTCAGTTTAAGACTCTTAACTTGTCGATCTTTTGATACATGAGCTCAGGTGG	AGAATCTAATAAGGCTTTCTCATGCCCCTTCCCAGTCTACACCTCATCTCCGGTGTTCCTTACCCAGAATGAACCACTGTTTTGACTTTTATCAGTATAT	AAGGCTTTCTCATGCCCCTTCCCAGTCTACACCTCATCTCCGGTGTTCCTTACCCAGAATGAACCACTGTTTTGACTTTTATCAGTATATATTGGTTTGC
insertion_99	random	3116530	3116539	sim	3987695	3987704	10	FALSE	AGATACGCTAGCGCGCCTCAGACTCGTTAATCTCGTGGGAAAGTTGCAACACGGCAAATCGGGATCGAACTGCATGTTTACCATTCACCACGCAGTAGAA	ACATAAACCACAACAGTGGCCTCCAGGGCTTCACCTTTCACCTCTGCCCCGTACCATCTTCTCTTCTTTTCTCCAGTCACCTCCTGCACTCACTCTGATG	CAACAGTGGCCTCCAGGGCTTCACCTTTCACCTCTGCCCCGTACCATCTTCTCTTCTTTTCTCCAGTCACCTCCTGCACTCACTCTGATGTGCCAGGCTC
insertion_100	random	402915	402924	sim	255837	255846	10	FALSE	TACGAGTCTTAAGCGCGAGCGTCTGGTACAAAACCGCACCACGAACGGACCACTGAACGTTTGGCCACAAGTCCCGCAAGGAAGTGGCCGAAGACCGGAC	ACATTGAGTTTTGACGTGGTTTGCTATGCAGCATTATTATGATGATAACTGGATAGCGTGGACTCTTAAGATAACCGAAGTCTCATATTTTTGTTAAACA	TTGACGTGGTTTGCTATGCAGCATTATTATGATGATAACTGGATAGCGTGGACTCTTAAGATAACCGAAGTCTCATATTTTTGTTAAACATAAAGGTAGC
insertion_101	sim	4100260	4100269	random	1950006	1950015	10	FALSE	CCTTCCATAAGTCTTTGGGCTTGATAAGATTGAATGTGTTCTGGAATGGAGAGACCTGGGTGGGGTGTGGCTTTGAGTGCTCACAGGGAGCATTTAGCGC	CTTCTCGCGTTTTTTTCCAAAGGTGTTGTATAGACTATCGAGTCACTAGCAAACAATTGGATGCTTGACGCATTAGCGAGCGGGACTAATACCGCAACTA	TTTTTTCCAAAGGTGTTGTATAGACTATCGAGTCACTAGCAAACAATTGGATGCTTGACGCATTAGCGAGCGGGACTAATACCGCAACTATGTCCTGAGA
insertion_102	sim	1284356	1284365	sim	1674501	1674510	10	FALSE	CTCCTTAGTTTTTGAAGGCAGTGCTTGCCTGTCACTGTGAACTTATTTCTTTTTTTTTAACTTTCTTGGCTTCTATCCAAGGAGGAACCAAAAGCCTTGT	AGCAAAACAGATCCAAGCTGATCTTCCGTGGAGCTCTGGTGCTGGGATGGGCTTTTTTTTTCCTCAGAGTTGTCCTCCATTGAAGCTTTTGTACCCCACA	ATCCAAGCTGATCTTCCGTGGAGCTCTGGTGCTGGGATGGGCTTTTTTTTTCCTCAGAGTTGTCCTCCATTGAAGCTTTTGTACCCCACAGTGAGTGGTC
insertion_103	random	1654304	1654313	sim	1750871	1750880	10	FALSE	GACCGAGTTTCACAACTCGATACTCTTGGTCTAACCTCTGACGCAGCGAAATTACATTGTCCGGTTGCTACCATGGAATATCTCACCAGTCTTGTGTAAG	TCTTCTTGCTGTGGCTGGTAAAAGAAATCTATGCAACATGAGATTTATGAGATTGACTGAAAACACAAAGTGTGACCTCAGGCTCTGAGTTGGAAAGAGA	GTGGCTGGTAAAAGAAATCTATGCAACATGAGATTTATGAGATTGACTGAAAACACAAAGTGTGACCTCAGGCTCTGAGTTGGAAAGAGAAGCTGGTAAG
insertion_104	sim	1788387	1788396	random	2463663	2463672	10	FALSE	CAACTATTTGAAGGAAGTGGGTCAATGACAAAGGATCCACTTTGTCAAAGATGACAAAGGGAGCCCTGGGCTGTGTCAAGGGCCTGGTTGAGGTTGATGC	GGCACCACCCGTGATCGCTACCTTAATTATTTCATCTCACCCTCCCATGGACAAATGGGACGTAGCGGAGTACAATTCGTATACAAGGATACTAAGCGGG	GTGATCGCTACCTTAATTATTTCATCTCACCCTCCCATGGACAAATGGGACGTAGCGGAGTACAATTCGTATACAAGGATACTAAGCGGGGTATTACCAC
insertion_105	sim	1371360	1371369	random	2264087	2264096	10	FALSE	GCCGTCTACAAACTGGTATTAGATTGCCATTTAGCGTTACAAAGGCAAATGAGCGATAGGTTAATTTTCGTACGATGACGTGGGATGCCAGGAACGGGCC	CAAATAGCCCAGTCGCCAGAGGGGACCAAGGGTAGACACCCTGTGCTAGCTGGGTGTAATGCCGCCGTGTTCTAATCAAACGGAGACGCTAAATCCACTG	AGTCGCCAGAGGGGACCAAGGGTAGACACCCTGTGCTAGCTGGGTGTAATGCCGCCGTGTTCTAATCAAACGGAGACGCTAAATCCACTGTAGGACCTAA
insertion_106	random	1451533	1451542	sim	1574262	1574271	10	FALSE	CAAAAGATCAGCTAATGAAATTAGGCGTCAACATTAAGAGGCAATGACTTCCTGCCCGTACGAGGCAGCGATTTAGGTGGAATGAGGATGTTTCCAAAAC	AGTCCAGCAGCTGCATTTTAAAGAATCATTTCCATCATTATGCAGTATGTTCGCGTGTCGGGAACCCAAGAGAGGCTTCTATAAACATGAGTACATGTTC	CTGCATTTTAAAGAATCATTTCCATCATTATGCAGTATGTTCGCGTGTCGGGAACCCAAGAGAGGCTTCTATAAACATGAGTACATGTTCCCAGACAAAG
insertion_107	random	1788462	1788471	sim	601833	601842	10	FALSE	AGCTGAGACTAATACGTGAAAATTAGATACATTAGTGTGTAGGGACCCGTGCTAGACCGTTATATCTACTAAATTTGGACATGTGATGCGCCAAATGACG	GGCCTGAATCAGCCATGGTGGGAGTGGTTCTACTACAGAAGTCAGCATCTATAGACTGGGGTTACAAATCAGGACTTTGTTTCTTTTTTTTTTTTTCCTT	AGCCATGGTGGGAGTGGTTCTACTACAGAAGTCAGCATCTATAGACTGGGGTTACAAATCAGGACTTTGTTTCTTTTTTTTTTTTTCCTTTTCTTTGCTT
insertion_108	sim	980096	980105	sim	2156368	2156377	10	FALSE	CATATGCCCTTCAAAAGTTAATGACCCTACTCATGTGTCATCAGCACACGCCCTGACTCTCTTTAGGTGCTCAGCATACTCAGAGCTTGAGCAAAGAAGA	TGTAAGGTTTCTGCTGAGAAATCTGTCATCAATCTGATAGATTTTTCTTTATGTCTGACTATAGATTACCTGAGGCTTTTGCCTCACAGCTCTTAAGATT	CTGCTGAGAAATCTGTCATCAATCTGATAGATTTTTCTTTATGTCTGACTATAGATTACCTGAGGCTTTTGCCTCACAGCTCTTAAGATTCTTTCCTTTG
insertion_109	sim	1106391	1106400	sim	1613964	1613973	10	FALSE	GGAGTCGGCCCGCGCCGGGGGTCTTCCGCGTGCCCTGCCCCATTTTCCTTCGTCCGAGGTTCCCCGGGGCCCAGGCCCGCGCGCAACGCCCCCCAGGCTC	TGCAACAGGACATGCATGAAGTATCAGAGTTGTTGCCCAGATTATACCAGCCCGCTCCCCAAAAGTAAAAAACAAATTGAGCTGCAGGTCAAATTGAGGA	CATGCATGAAGTATCAGAGTTGTTGCCCAGATTATACCAGCCCGCTCCCCAAAAGTAAAAAACAAATTGAGCTGCAGGTCAAATTGAGGAAGCAATGACT
insertion_110	random	3007089	3007098	random	161770	161779	10	FALSE	TAGCTCGACCTTGAAAAACCTTATAAAGGGAGGTACGACTTCGACGCAGTTGGTGGGGGATAATCGCACCGCCAGCAGATCTCCGGTCTCCGACCCGGGA	TAGGATATAACTTTAGAGCACTGGTACACACTTAAACTACTTAGATTTAATGAACCATAGTTCATACAAGGTATGGTTGTTCCGCCACTCAGTAAAAGGG	CTTTAGAGCACTGGTACACACTTAAACTACTTAGATTTAATGAACCATAGTTCATACAAGGTATGGTTGTTCCGCCACTCAGTAAAAGGGCGCGGAATGT
insertion_111	sim	3400200	3400209	sim	3489911	3489920	10	FALSE	GGGTCAGCCTGAAAGGAAGGGGGCCAAGTACGGAGACCCCCCCCCCCCAGGTCTGGCGCTCACCCAAACAGCCCTCGGAGGAAGGAGTGGGAGGCCTTGA	AGAAATCTCAGGGAGGTCAGAGGGAAGGGACTGAGGCCTGGAGACAGACAGGCACGCACGGAGAAATCAATCAATCAATCAATCAATCAATCATTCCATC	GGGAGGTCAGAGGGAAGGGACTGAGGCCTGGAGACAGACAGGCACGCACGGAGAAATCAATCAATCAATCAATCAATCAATCATTCCATCACTAAATGAC
insertion_112	sim	2570851	2570860	sim	3050109	3050118	10	FALSE	GTAGTGTCAGCTGCAACCTCACTGCATCAGCAAACACTCACCAAGACTCTCTCCTTAAGGAAGAGGCCCCAGAGAACACAGACTGATCGTGTCCAGTTGC	AATTATAATAATTTAAAAAGGATACTTGAATAACCCCAAAGAAAACAGGATTTAAATTTTAAAGAGAACTGAAAGGAAGGGAAGGAGGAGGAGGTGGAGG	ATTTAAAAAGGATACTTGAATAACCCCAAAGAAAACAGGATTTAAATTTTAAAGAGAACTGAAAGGAAGGGAAGGAGGAGGAGGTGGAGGAGGAAGGTAG
insertion_113	sim	2010143	2010152	random	4064161	4064170	10	FALSE	ATATGTAGAAATTCTCTCTATAAAACAAATTCTATCTAAAAAAACACATAAACATATATGTGTGTGTGTGTGTGTGTGTGTATATATATATATATATATA	GCATAGTTAAAATCACCCGAAAGACACAGCATTAAGTGACTGTCGCGACGTATGAATTAACGGACTATGGCCTGCATGCATATTTAGGTAGTGGTATACG	AATCACCCGAAAGACACAGCATTAAGTGACTGTCGCGACGTATGAATTAACGGACTATGGCCTGCATGCATATTTAGGTAGTGGTATACGCTCGTCATCT
insertion_114	random	95255	95264	random	997716	997725	10	FALSE	ACTTTGAGCGCCCCGTCCGTCCAATTGGGTGACTACCTCGGCCCCCTTGTGTCCATGTGTTCCTTGTGCTTACCCAACTCACGGTATTCCTTTCGAATTT	GCGGCCACTGGCCCGGACGTTTTATACGGTTCCTTCACCGTCTTTGCTATTTCATTCCACTGATCCCTCGTATCTCTCAGCTGAGCAGGAACACAAGTGG	GCCCGGACGTTTTATACGGTTCCTTCACCGTCTTTGCTATTTCATTCCACTGATCCCTCGTATCTCTCAGCTGAGCAGGAACACAAGTGGAAGAGCATAT
insertion_115	random	638517	638526	random	2759747	2759756	10	FALSE	TTTAGAAATACCAAACATAGTAATCGCAGGCTATCCTGCAGCCACTACCCACTGACGCTGTCCAGGTAGTACTCAATCGTAAATTGATTTGTTTCTTTGT	CTCCTCCTATTCGAGGGTATATTGGCCATGTATGCTGCTTGGTTTATGAAGGCTTGTAATCTCCATAACTTTCGCCCATGGGTAAGAAATCCATTAGAGT	TCGAGGGTATATTGGCCATGTATGCTGCTTGGTTTATGAAGGCTTGTAATCTCCATAACTTTCGCCCATGGGTAAGAAATCCATTAGAGTGGTTGGGCCT
insertion_116	random	1725483	1725492	sim	2080742	2080751	10	FALSE	ATAATCAATGTCTACGTCTATTGTTGTAACGTCACCGTTAGCAGCCGTCCCTCAATTTTGAGCGTCACACACGGGCGACCGGAGAAATCCAGAGAAATAA	ATTGTCTGACTTTTATGCCAAGCCATGCAGGCCTGGAAAAATCAATTTTCGCCGCATTATTGGAACTTGTAAAGTCTTACATAGTCGAGGCAAAGTTAGC	TTTTATGCCAAGCCATGCAGGCCTGGAAAAATCAATTTTCGCCGCATTATTGGAACTTGTAAAGTCTTACATAGTCGAGGCAAAGTTAGCATTCCTCTCC
insertion_117	sim	2767523	2767532	sim	74460	74469	10	FALSE	GTGTCCGTCCTGCCAGCCTCAGTCTCTCCCAGCAGCCCCTTCAGCTGCCTAGGGGCTTGACCTCCTGTGCTGCTGCTTCCCAGGCACTCCTGCCCCTTCA	TCAGGCCAATTAAGTCAATCTTTTGGGGGTGAGACACAATCCATATATTTGTGCTCAGGGATTTTTAATTTTGGACACTCACTATGTTGCCCAGGCTTTT	TAAGTCAATCTTTTGGGGGTGAGACACAATCCATATATTTGTGCTCAGGGATTTTTAATTTTGGACACTCACTATGTTGCCCAGGCTTTTCTTAAACTGC
insertion_118	random	1174911	1174920	random	520979	520988	10	FALSE	AATGCCACCGTAGGTAACGGAATACAGCTAGACGGCGGCACTACTACATTAGGCGTTATGCAACGATTAGCTCACAGACGTGAACTTATCGGACTCGAAC	ACAGACTACAGCGAAGGGGACAGCTGTTATGGAAAGGGCTTGAGCTTCAGGCCGCGTATATTGGTGGTTTGTGAACCGTGCCCACCCTGAACCCGGCGAA	GCGAAGGGGACAGCTGTTATGGAAAGGGCTTGAGCTTCAGGCCGCGTATATTGGTGGTTTGTGAACCGTGCCCACCCTGAACCCGGCGAAAGCTGCACCC
insertion_119	random	3930694	3930703	sim	1438019	1438028	10	FALSE	CCGGCGGCGCGTCCCGAGGGGATTACAGCGTGTACTATGTGGGCTTATGGCCACTCCGTCGTTAAATATCGCCTTGGCTCTTGAGGAGAACGGCTCTTTA	AGTAGAGACAGGGTTTCACCATCTTGGTCAGGCTAGTCTCAAACTCTTGACCTGGAGGAGCATCAAGTGATCCACCTGCCTCAGTCTCCCAGAGTTCTGG	GGGTTTCACCATCTTGGTCAGGCTAGTCTCAAACTCTTGACCTGGAGGAGCATCAAGTGATCCACCTGCCTCAGTCTCCCAGAGTTCTGGGATTACAGGC
insertion_120	random	1830947	1830956	sim	1539058	1539067	10	FALSE	CCCAATTGCCCCTTGACTATTATAATCAGGATTGCAGTACGTTTCCCAATACGGAATAACAATTGGGCACCAAGAAGAGTTTTAGTGTGCCTTTCCCACT	GCACCACTGCACTCCAGCCAGGGCGACAGAATAAGACTCTGTCTCAAAAAGTGTAACGCGAAAAAAATTAAAAAAAAAGAAAAATTAAAATGAGAACCAA	ACTCCAGCCAGGGCGACAGAATAAGACTCTGTCTCAAAAAGTGTAACGCGAAAAAAATTAAAAAAAAAGAAAAATTAAAATGAGAACCAACTTAAGAGAT
insertion_121	random	3809289	3809298	sim	1733615	1733624	10	FALSE	CGCTCTCGCTGCCGTAAGATTTGCGACTAAAAAATTCCGATTCTATACTTACTTCAGGCGTTGCATGTTTACACCTGCCGTAAGGGCTAGACGTGCAGGT	TGTTTAATTTCTGCTGATCTTTCTTCCCCCAAGTCTAGTCTGCTTTTGGAATCCTAGTGCCCCATCTAGTTTAGCTTTTATTTCCAGTTTCTTTATTTTT	CTGCTGATCTTTCTTCCCCCAAGTCTAGTCTGCTTTTGGAATCCTAGTGCCCCATCTAGTTTAGCTTTTATTTCCAGTTTCTTTATTTTTCAGCACGGAA
insertion_122	random	930226	930235	random	2737047	2737056	10	FALSE	TCTACGATTTCCTGCCATACTATAGTCGGGAAACGCTAATAAACCTGAGTGATATGGGTACACACTGAAAATTTGACCGTGAATCCCATCCAGTGGGCTA	AACATCAGATTATTAGATATAGGCTACCCGCCACATCAGTCGCGAACAGCTGGGCTTTAACGTTGACCTGGTATGTCATCATACCATACAGTTAGGCCAT	TATTAGATATAGGCTACCCGCCACATCAGTCGCGAACAGCTGGGCTTTAACGTTGACCTGGTATGTCATCATACCATACAGTTAGGCCATAACGGCCCCT
insertion_123	random	554750	554759	sim	2373158	2373167	10	FALSE	GAGTAAGCAGACCGGCTGTGCAACGTATGTCGCTCCGTACCACCCAAAATCATCAACTTCTCTGGCCATAACCTCGGTGACACTCTCACTTTTGGCAATC	TTTTAGGCTGCTAATGTTTGCAAAATTCATGCAGTGGGATGCAATGGTGAGACTTCGAAAGTCTGACCGCTGCTTGTTGTTGTGAATACCTGGATGCCCA	CTAATGTTTGCAAAATTCATGCAGTGGGATGCAATGGTGAGACTTCGAAAGTCTGACCGCTGCTTGTTGTTGTGAATACCTGGATGCCCAACCCTTAAGG
insertion_124	random	3799874	3799883	random	2445919	2445928	10	FALSE	GAGCCATCCCACTACCGGTTAGGGAGTGTCGGGACTCCGTGGCTGAGGAGCCCCATAAAAGATAGGAGAATTTGGTGCGTTGGCATAACGCCTAGGCCCA	TCGCAATTATTAAAGCACTGACGACTAACTAGAGAATCCAGCAACCGTGCTGTATGCATGCCTTAAAGGAGCGGTTCCCGCTGGGCTTGGTACAGTACCC	TAAAGCACTGACGACTAACTAGAGAATCCAGCAACCGTGCTGTATGCATGCCTTAAAGGAGCGGTTCCCGCTGGGCTTGGTACAGTACCCCCAAAGGACA
insertion_125	sim	1367169	1367178	sim	2449472	2449481	10	FALSE	TAAAAATGTATATGGGTTGAGTACCTGCTTCACTAAATAGGTTATATACCCAAAGAATTTCTAACCCAAAAGCCCTTTAAATCATAGCAGTCAGTGATAA	AGTCATGCATTTATTTATTTGTTCAACAAAATTCAAAGTATCTTCTAAGCTTGAAGATGCAATGGAGTTGAAGAACTTGAAAGAATATTGTAAAATGTAA	TTATTTATTTGTTCAACAAAATTCAAAGTATCTTCTAAGCTTGAAGATGCAATGGAGTTGAAGAACTTGAAAGAATATTGTAAAATGTAAATCATGAAAA
insertion_126	sim	485105	485114	random	299043	299052	10	FALSE	CAGCTACTTGGGAGGCTGAGGCAGGAGAATTGCTGGAACCCGGGAGGTGGGAGCCGAGATTGTGCGACTGCACTCCAGCCTGGTGAAAGAGCAAGACTCT	CCAAACAGCGGATTTGCCTAAACGGAGGCCACCTCGTATAACAGTCTTGTAGGTTGCAGTAGGTGAACTCATGCCTGGAAGCCACCGCAACGTCACCAGA	GATTTGCCTAAACGGAGGCCACCTCGTATAACAGTCTTGTAGGTTGCAGTAGGTGAACTCATGCCTGGAAGCCACCGCAACGTCACCAGACCGGAGTGGC
insertion_127	random	3793549	3793558	random	4055530	4055539	10	FALSE	TAAAAGTTTAATGTAGAAACGGTTAAGTGCACTTGTCCCCAATGCAGTCTTGTTTACGACCCACGAACAGTCCACGAGGTTCCTACATATCAACTTGTGT	GATGGGAGAAGCAACAAGTAGGGACCTCGTCCTATACCGCCTCGAAATGGTGTTACCACGGAGGCCCAAGGGTAGCGATATTCGTTCTATTAGGGTCACT	GCAACAAGTAGGGACCTCGTCCTATACCGCCTCGAAATGGTGTTACCACGGAGGCCCAAGGGTAGCGATATTCGTTCTATTAGGGTCACTATGGATTTCC
insertion_128	sim	4307614	4307623	sim	2880328	2880337	10	FALSE	TGACCACAGCCCATGAATCAGTTTGTTTCCCATGCCTGGCCATTTCTCCTGTGCACAACCAAGTATACTGCACAAAGTTCTACCCACTGGGAGGGTTTCC	CTACCAATCAGAAAAATCCCTAGACCAGATGGATTCATAACAAAATTCTATCTAAGCAAACCAGAAGCATAAATAAGAGTTGGTATCAATTCTATTGAAG	GAAAAATCCCTAGACCAGATGGATTCATAACAAAATTCTATCTAAGCAAACCAGAAGCATAAATAAGAGTTGGTATCAATTCTATTGAAGCTATTCCAAA
insertion_129	random	4589415	4589424	sim	4569747	4569756	10	FALSE	CACGCCTTCCGCGCACTGTGTGAGTTTCCCGAGTCAGGCATTAACGAGATTGAGACCCAATGGAAACGAATTCAGACATTTCCCAATTTCATTAAGCCGG	CCCAGGCCTGAGTGACAGAATGGGACCTTGTCTTTAAATATACATATGGACGTGAGGGTAAGTGCAAAGAGAGTAGCTGAACATAGTACATCTAGTTATC	AGTGACAGAATGGGACCTTGTCTTTAAATATACATATGGACGTGAGGGTAAGTGCAAAGAGAGTAGCTGAACATAGTACATCTAGTTATCTTTTTTTTTT
insertion_130	sim	2138820	2138829	random	2236126	2236135	10	FALSE	GCTCTTTAAAGCAGACCTGTTCTGTTGTGTATTTTGGCACATGGTTTTTAAGTCAATCTTTGCAAAGTTGAAAGTTGATTCAGAGCCAGATGTTCAGAAA	TGCTCCGTAGCTGTGGTAGACGGTCATATAGGTGCTACCCACTACAGTGGGACATATTTTTACCAGGGGGCCCCTACATCTATCTTACGGTATTGGTGGG	CTGTGGTAGACGGTCATATAGGTGCTACCCACTACAGTGGGACATATTTTTACCAGGGGGCCCCTACATCTATCTTACGGTATTGGTGGGCCGATATTCT
insertion_131	random	203053	203062	sim	2080121	2080130	10	FALSE	TCATAGGTCGAACTCCCCTCGTAGGGTAAGCAGTACGGTTGATATTCGTTCTCATCTGTGGCGGCCTCAAGCATGTATTCGGATCAACTAGGAATTAATC	CTTTTCATTGGAAAAACAACAATCTTGGATTCCTGCCTTCATTGAATTCTAACGGGTCACGACAGAGAGTGTGTGTGGTTATAGTGGACTGTATCAGTTC	GAAAAACAACAATCTTGGATTCCTGCCTTCATTGAATTCTAACGGGTCACGACAGAGAGTGTGTGTGGTTATAGTGGACTGTATCAGTTCAAAGACCCAA
insertion_132	sim	4040643	4040652	sim	3017542	3017551	10	FALSE	ATACATATGTATGCATCTTTTCCCTAAATCATTGGAAAGTGATTTGGAGGATTTACCATTAGTGACTTCAGAATGTACCTTCTAAAAATAAGGGAATTTT	TGGCAGTGGTCCCCAGGGCTTCTTCCCAGCTTGTACGTGGGGTTGGGGGTCTTTGTATGTCCTTTCTTTAGTCTCTCAGTGATCAGACTGGGCAAACTCT	CCCCAGGGCTTCTTCCCAGCTTGTACGTGGGGTTGGGGGTCTTTGTATGTCCTTTCTTTAGTCTCTCAGTGATCAGACTGGGCAAACTCTCTGATAAGCA
insertion_133	random	932401	932410	random	594494	594503	10	FALSE	TCCTCGTGAAGCCCCGGAACATTGTACCTCAGACCCCGTTCACGAAGTTGAAGTGCGCCTCCCACATCTACAGATCCTTGTGAAGTCAGTCGGCGCCAAA	CCCGTTATGGGTTGTACAAGGAATTCTACGGTGCTAAACTCTACATTTAAAAGTGGGGCGACAGGGTGCTGAGGCCTGAGTAACGACTGAGAACACCTCT	GTTGTACAAGGAATTCTACGGTGCTAAACTCTACATTTAAAAGTGGGGCGACAGGGTGCTGAGGCCTGAGTAACGACTGAGAACACCTCTTCCATATTAT
insertion_134	sim	2369812	2369821	random	800939	800948	10	FALSE	ACCCTGCTACTCTTGGAGAAAGTTAGTTTGTAGGAGGCATTTGCTGGCTGCAGTCAGCAGTGAATCATTCAGGTGCCCTGCAGCCGTTTCCTAAGAGACC	AAGGAAGTGCTCGTCCGGCTATGGCACGCATCCGCGTAACCAAACGCTCAGAGCTGCGGTTGTCGTTGATGTTGTCCCGTTGGAGCACCCGTTGGCGACG	TCGTCCGGCTATGGCACGCATCCGCGTAACCAAACGCTCAGAGCTGCGGTTGTCGTTGATGTTGTCCCGTTGGAGCACCCGTTGGCGACGGCGCTCTTGA
insertion_135	random	3504571	3504580	sim	4173891	4173900	10	FALSE	GGGGCTTATATATGCTCGCTGAGTGACCGTGGGGGTAATTAGTATATAGTCGCACAGTTCTTGCGTGTCCGCGAGAGAGAAGCTATGCGGAAACCTTAGT	AGTTTGGATAGGGATCTGTTTCCCTGAATACAGTACTTCAGGCAAAACTGCAATACGAGGTCATTTATGGAATTACAGAATGCCTTATCCACCATCATGA	GGGATCTGTTTCCCTGAATACAGTACTTCAGGCAAAACTGCAATACGAGGTCATTTATGGAATTACAGAATGCCTTATCCACCATCATGATATTCCACAC
insertion_136	random	4230231	4230240	random	2500218	2500227	10	FALSE	CTCATCACGTTAATAGTGCTCCCGTTCACCGTTTTGAATAATGAGGGACGTCATCTCCCAGCATTATCGCGTTTAGGGGACACAACCGTAAATCTGGTCT	CAATAAAACTCCTAACGCGGTTGGGTTTTATTTACCTCGGTCGTCGTGGACGAGGTTCCCGACACTGGATTTGAAATCAATCGCATATTCGGGAAGTTCA	CCTAACGCGGTTGGGTTTTATTTACCTCGGTCGTCGTGGACGAGGTTCCCGACACTGGATTTGAAATCAATCGCATATTCGGGAAGTTCAGATTTAATAG
insertion_137	random	4338500	4338509	random	2118937	2118946	10	FALSE	CGAGGGTTTAACGTGGGGACCAAGCGGGGCAGTGCTAGGATTACCAGATTAGAACCTTGTGCAGAAGTTGGGTCATTCGCCCTACGCGCATGATGTATGT	TATTCGACGAAATAAGAATAACGCCAGGGCCGACGACAGAGTCGCTATGTCGCCGAGTGGTTATTAGTTTGTTGGCCTTGCAGACATAGCAACTTGGCAT	AATAAGAATAACGCCAGGGCCGACGACAGAGTCGCTATGTCGCCGAGTGGTTATTAGTTTGTTGGCCTTGCAGACATAGCAACTTGGCATAAGCATTGGG
insertion_138	sim	149822	149831	sim	3314098	3314107	10	FALSE	CTCTCCTTAATCAACACATTTTGCTTCTATTTTTCTTGGTGTTTTTTAGATTTTGATTAATTTTTTTTATTCTTTCTCTGTGTCCTGGTTTTTGATGATG	AAAGCTCCAAGCTCCCCAGGGGCCAGTGGAGGCCTCTGTTGCAGCAGCATGGAATTTGTTCAAAGCCCCACTGCTCTCTTACCCTTCCCAGGTGGGACTC	GCTCCCCAGGGGCCAGTGGAGGCCTCTGTTGCAGCAGCATGGAATTTGTTCAAAGCCCCACTGCTCTCTTACCCTTCCCAGGTGGGACTCCCAAGATCCC
insertion_139	sim	1688989	1688998	sim	470810	470819	10	FALSE	GGATAATGGATGGGCACAGGACGTGGGGGAGCGATAATGGACGAAAACCCGATGGCGTGGGCTAGAGAAGGCAGGATTTTCTGCTGCTGACGGTCCCTCT	ACAGATGCCTTTTCACATAGTTCTCAATGTCATTCCTTTACTAAAAATAACCGTCTCAGTTGCTAATAACAATAATAATAAATTATCCAAACAGAACATA	TTTCACATAGTTCTCAATGTCATTCCTTTACTAAAAATAACCGTCTCAGTTGCTAATAACAATAATAATAAATTATCCAAACAGAACATAACATAGTAAT
insertion_140	random	3251835	3251844	sim	1100945	1100954	10	FALSE	ATGGCTCGTGCCTTGATTAGTAATGATTAATGTGAGGCGCTGGAAGTTGCCGCAACTTTGTCGCCACTCTAAGCAAGCGGCTACAGGTCAACAACTTGAC	CCATCACCTCTATATTAGTCCATTTCACACTGTTATAAAGATACTACCTGCATCCGACGCAGACTGGGTAATTTATAAACAAAAGATGTTTAATTGCTGC	TATATTAGTCCATTTCACACTGTTATAAAGATACTACCTGCATCCGACGCAGACTGGGTAATTTATAAACAAAAGATGTTTAATTGCTGCATGGCTGGGG
insertion_141	sim	3563186	3563195	random	4373723	4373732	10	FALSE	CTTCTCTGATTTCCACCTGCTCTGAGCTCCTTGGTGGGTCTGCACTTAATGTTTTTTACACTCTTTCTCAGACCACAGCTTTCAATCCTAAATGATTTTC	TTGGATAGACATTAGTGTTTAGTTCTGGCGTGTGCCTCAGCTGATGTCACGAACTGAAGGAGCTCCGAATTGGATTGGCAGCATGGATTCTCCTTAGCAA	ATTAGTGTTTAGTTCTGGCGTGTGCCTCAGCTGATGTCACGAACTGAAGGAGCTCCGAATTGGATTGGCAGCATGGATTCTCCTTAGCAATTAAACGTAA
insertion_142	random	1555754	1555763	sim	3983953	3983962	10	FALSE	CCCGCACAACGGGTATTTCAAATCCGTACCACAGGTCATCCGGCCGCACTCGGATCACAACATACAAGCTCGCGGCGTGCATGTTTTATTGAAGGCGGAG	TTAACTCTCACAAAGAAGTAACCTAATGCTATTAATTGATCAGTTATTTTAATGCGAGCCTCTATGGTTTTGTTTCCTTGTTTTCCCCTTAGAAAACTCA	CAAAGAAGTAACCTAATGCTATTAATTGATCAGTTATTTTAATGCGAGCCTCTATGGTTTTGTTTCCTTGTTTTCCCCTTAGAAAACTCACTGTTCTGCT
insertion_143	sim	251622	251631	sim	1008318	1008327	10	FALSE	AAGCCAGGATTTTGGAACCAGCCTGGTCAACATAGCAAGACCCCATCTCTTTTTTAAAAACTAGCCAGGCATAGTGGCACGTGGCTGTAGTCCCAACTAC	CCAGGCGTGGTGGTGGGTGCCTATAATCCCAGCTACTTGGGAGGCTGAGGACAAAAGTTTCAGGAGAATCGCTTGAACATGAGAGGCAGAGGTTGCAGTG	TGGTGGGTGCCTATAATCCCAGCTACTTGGGAGGCTGAGGACAAAAGTTTCAGGAGAATCGCTTGAACATGAGAGGCAGAGGTTGCAGTGAGCCGAGATC
insertion_144	random	3259849	3259858	sim	4155383	4155392	10	FALSE	TCTGGCTTACTTCTAGCATTAACCTCTGGCAAGCGTTTTTATGTGTGGGAAGTCCTTACGTATAGATGGTACGAAGTAAAGCAGGAAGTACGGTCCCGAT	GCAGATTGGTATGAGGCATCCTTCCTCCAAGTCTTACATGCAAAACATCTATCGTGCTAGAAGAAATGCTGCCCACATTGCTGGGGAGGAGACTGGGCTG	ATGAGGCATCCTTCCTCCAAGTCTTACATGCAAAACATCTATCGTGCTAGAAGAAATGCTGCCCACATTGCTGGGGAGGAGACTGGGCTGCGGGTGCCAC
insertion_145	sim	1498445	1498454	random	823592	823601	10	FALSE	GGGTTCAGGCGGCTGGAGCGGGCGCGGGGAGGCTGAACAATCGCCGGAGGGAGGCGAATGTACACAGGCTAAGTGGCCCCACTCCAGGACAAGTGGCCCT	TGCCGCACGAGCCTCAATAGGTCATAGGAGATAGCGGTGGGGCAGGAAGACCCAGGAGGGTACATATATAGCGCCATCCCGGTTTCTTGAGAATGGCCGT	GCCTCAATAGGTCATAGGAGATAGCGGTGGGGCAGGAAGACCCAGGAGGGTACATATATAGCGCCATCCCGGTTTCTTGAGAATGGCCGTTATAGACATA
insertion_146	sim	4054526	4054535	random	144449	144458	10	FALSE	TGAAGTATGCCTGGACCTCAGACCCATAGAAACTAAGATAATCAATGTGCTGTTAAATGTGTGGTAATTTGTTACACAACAATAGGAAACTAATACCTGG	ATCCCCTTCCAGTTCCACGAAAACCAGCAGGCTACGCTACTTTTACCGCCTTTTTAAATCGATATCGACCGCATCTTCGTCCCCACGTGACAATTATGGG	AGTTCCACGAAAACCAGCAGGCTACGCTACTTTTACCGCCTTTTTAAATCGATATCGACCGCATCTTCGTCCCCACGTGACAATTATGGGACTATATGAC
insertion_147	random	3771246	3771255	sim	514361	514370	10	FALSE	CACACCTTAGCAGCGCCATGCTTGCTAAAGGCGCAGGTATCCAGGGAGACCCCATAGTGAAATACGCCCAAGCACCTTAACGATACAAACACGAGATTAA	TATAGTCTTAAATGTTTATATCTGTGCAGGAGAAATTAATATACTAAATACGCACGTATATATAACCTTAAAGGTAAGATTGTAAAGAAAGTAAAAGGAA	AATGTTTATATCTGTGCAGGAGAAATTAATATACTAAATACGCACGTATATATAACCTTAAAGGTAAGATTGTAAAGAAAGTAAAAGGAAGGATAGAAAA
insertion_148	random	2202692	2202701	sim	3446310	3446319	10	FALSE	AATAATTGGGTTATGGGACGCCTACTGCCTCATGATAAACCACGTCCAATTACAGCGAACCATAGGACTCAGGTAACCCGGCTAACTTCCTCGATCCTAC	GATTTCCCGCTTCACACCTCTATATTTCTGTGTGTGTGTCTTTAATTCCTGTATGTTTGCCTAGCGCCGCAGGGTTAGGGTCTCCCCGACCAAGCTGGTC	TTCACACCTCTATATTTCTGTGTGTGTGTCTTTAATTCCTGTATGTTTGCCTAGCGCCGCAGGGTTAGGGTCTCCCCGACCAAGCTGGTCTCAGCAAGTG
insertion_149	random	234011	234020	sim	461594	461603	10	FALSE	TGGTAGGGCCTAGTCAGCAAGCTGGAGAAGATAATCGGCGCAATAGCCCGTGTGAAGCTGTCGGTCAATCTATCCTATGGAATAAGAAAGACGCTTTCAA	AAGACACTTCATATCCAGGGACTCTTCTTGGCAAGATACTGTGAAAGCAACATACCCTAAAGAGAGCCTTTTGCAGCAAAGTGATAACGCTGAAGTCCAC	ATATCCAGGGACTCTTCTTGGCAAGATACTGTGAAAGCAACATACCCTAAAGAGAGCCTTTTGCAGCAAAGTGATAACGCTGAAGTCCACGTGGCAACAC
insertion_150	sim	3009013	3009022	random	114684	114693	10	FALSE	CATTTCTAAACTGAGAAGTTTGTAATCCATCCAGAACCATTGTTATAATGGCTTCCAAATAGATTTGCAAGAACTTGTATTGAGTCTATTTTTAAAAATA	TACCTGACCAAGAATACAGGAATAAGGAAACCAATGTGGTGAATGGTTAAAGCTCTTTTCAAGCCATGGTGATATATAGGATTTAATTGGGTGGTTGTTG	AGAATACAGGAATAAGGAAACCAATGTGGTGAATGGTTAAAGCTCTTTTCAAGCCATGGTGATATATAGGATTTAATTGGGTGGTTGTTGCAATCTGTTT
insertion_151	random	2784233	2784242	random	3309943	3309952	10	FALSE	CGGATGCTGGTATGCCTCGTCGGTAAGAAGCCGCACTCTACCAACAGGTCCAGCGAGTTCTCCGGAAGGATTACTGACAGGCGACCCTAGCTCTGTACTT	GCGACCTGGATGAAAGCGTAGAGAAACAGTACCATCAGTTGCCGTGTACTCACTCGTCGCTAGCGGTTAGCATGGTGTACGACAGAGATCTCTGAGGGCG	TGAAAGCGTAGAGAAACAGTACCATCAGTTGCCGTGTACTCACTCGTCGCTAGCGGTTAGCATGGTGTACGACAGAGATCTCTGAGGGCGAGTTAGTTGG
insertion_152	random	180851	180860	random	1689168	1689177	10	FALSE	ACCCTAGACCCGTAACTGGTTTCCTACTATTAACCCCGTCGCAGGGTAGTTTGGGTCCGCGCAGTATCTCTGAACCTTCAATACAGCTTGCTGGGGAAGT	CTATGGCATGCCAATCCTGTGCCATTCTCCTCTCAAAGACCCTAGAAGGTTCTGAAACATTATCCTGCCCACACTCGCTTCCGGGTAATGTCCGGCAGGC	CCAATCCTGTGCCATTCTCCTCTCAAAGACCCTAGAAGGTTCTGAAACATTATCCTGCCCACACTCGCTTCCGGGTAATGTCCGGCAGGCTAGAGATCAC
insertion_153	random	1476037	1476046	random	1842947	1842956	10	FALSE	AGAAGCCAGCAGCCACATATAAGAAGGTTGGGATGCACAATCGATTACGCCACGTCCTGGTTTATGTCCTATACGTTTAGTCTACGGATTCTCCTATTTC	ATCAATACAAACTTCTCTCGCTGTCTACCCTGTTCGCGTAGACCCTAAAATGAATAGCCGCCCAAAACGTCATTCTTATTTAAAACGAGAGGGATGAATT	ACTTCTCTCGCTGTCTACCCTGTTCGCGTAGACCCTAAAATGAATAGCCGCCCAAAACGTCATTCTTATTTAAAACGAGAGGGATGAATTGAAGCTCCGA
insertion_154	sim	2803718	2803727	sim	3478105	3478114	10	FALSE	TCACAGAAATGGGAGGGGACTGGTATGGGTGACCTTGATTTGGGTCCACATTGGAGCCAACTATATGCTTTGAGCCAACTATAATGCTTCTTTTTTCTCT	TGTGTACAGATCTGCTTCCTGTACAGGCCTAGAGACACATCACATATATGCAGACATCTCTGTTTCTATGCACAGGTCTATTTCTAAGTGCATTTCTATT	TCTGCTTCCTGTACAGGCCTAGAGACACATCACATATATGCAGACATCTCTGTTTCTATGCACAGGTCTATTTCTAAGTGCATTTCTATTTATATTAAAA
insertion_155	sim	1135353	1135362	sim	1229308	1229317	10	FALSE	AGCATTATTCATAGTAGCCAAAAAGTGGACACAATTTACATGTTCTCATCATAAACAAACTACAGTATATCCTTAAAATAGAATATTATTCAGCCATGAA	GAAATTGGTAATTCATACATCTTGGGGTGTAGTGACTACAGGCAACTCTTTGATGAATGGGGTGCAACACTTTCTCACTTTTAAATGGTCACTTTAGTCA	ATTCATACATCTTGGGGTGTAGTGACTACAGGCAACTCTTTGATGAATGGGGTGCAACACTTTCTCACTTTTAAATGGTCACTTTAGTCAATGTCAGAAG
insertion_156	random	4460966	4460975	sim	2485447	2485456	10	FALSE	AATTCCGTAAGGTGTTGGGGAATCTTAGGGCCCAAGGGCAACTGCGATGTTATTGCCTATTGCCAGCTGACCTTCAGGCCCGGCGTACTGCCTCCCTCCC	AACGTGAAGATAAAGTATCAATATCAAATAAAATATTTTTATATTTTCATTGATAATCCTCAAGATATTTACTGTCTAGACCAGCTAGTGAGGACAGCTC	TAAAGTATCAATATCAAATAAAATATTTTTATATTTTCATTGATAATCCTCAAGATATTTACTGTCTAGACCAGCTAGTGAGGACAGCTCAGGGATTGGA
insertion_157	sim	1130651	1130660	random	280660	280669	10	FALSE	TTGATTTAGACAGAGCCATGACAAGTCAAAAAGTAGCCTCTCTGTGTTCATTTATATTAACTGATTTCTTATTTATATGTGTTTGTATTCAGAAAACAAT	GGTCATGTCTCAGTCGCATAGGTATCATCTTTTAAGTCTACGAACCCCCGGCTGGACCTTACGCAGGAGTATGGCCTATTGGCGGCCCAGTAAGAGAGTC	CAGTCGCATAGGTATCATCTTTTAAGTCTACGAACCCCCGGCTGGACCTTACGCAGGAGTATGGCCTATTGGCGGCCCAGTAAGAGAGTCTTCTACAATT
insertion_158	sim	4372727	4372736	random	1846457	1846466	10	FALSE	CTCCCTCCTCCCTGGGATCAGGAAGCTGGCGATGCCTGGGCATAGCAGAGCCTGTCTTTAAAAGCTCCAGATTAGCAAGTCCACTCCCCAGAATTCTCTT	TGTATAACTAGCTAGAGAGTTCGTTCCTCTTATAGGGGGGTACCCCAGTTTCAGCCAGATTGCTGGTCTGTATTAGCCCTCAAATCGCATTCACGCCGCA	GCTAGAGAGTTCGTTCCTCTTATAGGGGGGTACCCCAGTTTCAGCCAGATTGCTGGTCTGTATTAGCCCTCAAATCGCATTCACGCCGCATAAGGCCTCT
insertion_159	random	4092357	4092366	random	605639	605648	10	FALSE	ATGAAGCCTCCCTACGGGTGCCAGGACGTTAGGATGTGCCGCTAGTGGTGTATAGACTGCCCTTCGGTGCGTCGCTCAGCTGAATTACAAGCCAACTATC	CTCGGGTGCTCCATAAGTCACTCTCGATTTATACCGGAAGTAGGACTTGCCATCTTAAAAGGAACAGTACTCATTTGGCTCGTAACGCACTATGTTGGGA	CCATAAGTCACTCTCGATTTATACCGGAAGTAGGACTTGCCATCTTAAAAGGAACAGTACTCATTTGGCTCGTAACGCACTATGTTGGGAAAATCGACTT
insertion_160	sim	1357299	1357308	sim	2135959	2135968	10	FALSE	TTTTTTTTTGGTCAGTCTTGCTTTGCCACCCAGGCTGGAGTGCAGTGGCGTCGCTATACCTCTGCCTTCCAGGTTCAAGTGATTCTCCTGCCTTAGCCTC	TTGCCTAAGATCACTTTATATAGCACAACCCAGACCGGGGAGAAGGCAGACAATCTCAGCGTTATGCCCAGCATATAGCCTTGGCAGCATATAGACTTGG	TCACTTTATATAGCACAACCCAGACCGGGGAGAAGGCAGACAATCTCAGCGTTATGCCCAGCATATAGCCTTGGCAGCATATAGACTTGGCAGGAGAAAG
insertion_161	sim	3405874	3405883	sim	3571726	3571735	10	FALSE	GGGTCCTGTCTGTTAGAAGGAAAACTAACAACCAGAAAGGACATCTACACTCTGTACATCACCATCATCAAAGACCAAAAGTAGATAAAACCACAAAGAT	GCCGGGCAGAGACACAACCAAAAGAGAGAATTTTAGACCAATATCCTTGACGAAAACCCATGAACATTGATGCAAAAATCCTCAATAAAATACTGGCAAA	GACACAACCAAAAGAGAGAATTTTAGACCAATATCCTTGACGAAAACCCATGAACATTGATGCAAAAATCCTCAATAAAATACTGGCAAACCGAATCCAG
insertion_162	sim	2306990	2306999	sim	1325723	1325732	10	FALSE	TTCAATAAGTAGAAATGGGTGATGGTCTTTGGGAGAAATTAAAAAAATAGACATGTGCATGGATGTGAAAGAGTGAAGTTTTGTCAATGAAGGCTGGGTG	TGTATTTTCAGTGATGAATGATAATTTAGTGGATTCATTGACCTGCTTCTAACATGTAGAAGATTTTACCATAACATACATATGTTTGTGTGTGTGTATG	GTGATGAATGATAATTTAGTGGATTCATTGACCTGCTTCTAACATGTAGAAGATTTTACCATAACATACATATGTTTGTGTGTGTGTATGTATACATAGA
insertion_163	random	3144687	3144696	sim	617132	617141	10	FALSE	CTGATGTAAAGAAAGCGGGGTGCCGAACGCCTCAATGGATTGGTCGGTAGCCAATTCGTTTGGCATAGGACGACTTGACCCTCCTACGGACCCTGAGTTT	TAATTATTCATTTGAACTAGTTTTACCTGTTTTAAATAATAGGGAGAGGATTGTACACGTAGATTTGACCCCCACCTTTACCACTCTAAGGGATGCTTCT	TTTGAACTAGTTTTACCTGTTTTAAATAATAGGGAGAGGATTGTACACGTAGATTTGACCCCCACCTTTACCACTCTAAGGGATGCTTCTGTCCTGTGAG
insertion_164	random	2455556	2455565	random	426746	426755	10	FALSE	GAATAAGAATACTTTATCCTCTAAGCGGCTGGCAAAGCCTCAGTGACAGTACAAGACGACCTGTCTCATGTGTGTGTGCCGACCGAACACGAAGAACTCA	TTATGACCGCCTCCGGCAGGACTCTTACGGGGAGTCTGTCGAGTGCAAGTTTCTATCAATTAAACGCACTACTCAGGCTCACTGTTAACTCCCCTTGAAA	CTCCGGCAGGACTCTTACGGGGAGTCTGTCGAGTGCAAGTTTCTATCAATTAAACGCACTACTCAGGCTCACTGTTAACTCCCCTTGAAAGCATATTAAA
insertion_165	random	4624343	4624352	sim	501612	501621	10	FALSE	CGGCACAGGCACGTCGTTAGATCGCGGCTGTGCGGCCAGGTGGAAGGAGCCTGGTCTGAGCCCCGCTAATCAGTCCCTGAATGACTCGGCGGTTGTCCCA	CATGTGCACCACGGATGCTACTCACCGCGTGTCCCCTGACAATCTGTCAATTGGAGCGGCACTACTGCAGCACTTGGCAGCTAGGACTCCTGCTTGGTCC	ACGGATGCTACTCACCGCGTGTCCCCTGACAATCTGTCAATTGGAGCGGCACTACTGCAGCACTTGGCAGCTAGGACTCCTGCTTGGTCCTAGCTGGAAA
insertion_166	random	4503614	4503623	sim	2011774	2011783	10	FALSE	GACTGATAGCGAAAACCGTGTCTATGGAAGCATCGGTAATAAGGCAGCTGAGAATGCAATATGAATCACGAGCATGGAAGATTCGGATTACAGTTACCCG	ACCAATCATGGTAGTGAGTAACTTCTTTGTCTCTTGCTCCTTTTGTACAATACGATTAGCAATATCTGATTTTTCTCCTGCACTTGTCTGTATCTGACTC	GTAGTGAGTAACTTCTTTGTCTCTTGCTCCTTTTGTACAATACGATTAGCAATATCTGATTTTTCTCCTGCACTTGTCTGTATCTGACTCACTGGTTGTC
insertion_167	random	1906777	1906786	random	1333767	1333776	10	FALSE	TCCGCAAACTCCTACGTGAGATGGTCCCGGGTTTAGATGACCAAGCTTCACGGCATCAGCGCCTCCCATTTACACAGTTACACCGTTGCCCCGGACGGTG	TGGTCCTGAGCGCGGTGCGTGAAGCAGGTCCGCCTAGTCCAATTGCCTACTTCTACCTCGAAATGAGGGCCAGAGTAGATAGTGTAGCGGCTGGGCTTAG	CGCGGTGCGTGAAGCAGGTCCGCCTAGTCCAATTGCCTACTTCTACCTCGAAATGAGGGCCAGAGTAGATAGTGTAGCGGCTGGGCTTAGAACTAACGGA
insertion_168	random	3425538	3425547	random	291197	291206	10	FALSE	CCAACGCCCTGTGTGGCCGATGGCTTGACCCTAAAGCCGTTCGGGATCGGGTCGTAGGCATTATTCGAGTGTCGCCTGCTGCTAACCAGGCGGTTCGTCA	AGGTATCTAGCGTCCCGGACCTCCTTATTTTGGAGATATCCTACTACCAGAAGTGTATACACAACAATGTCGCAACGTTCAAGCACGTCATTTTACAGCG	CGTCCCGGACCTCCTTATTTTGGAGATATCCTACTACCAGAAGTGTATACACAACAATGTCGCAACGTTCAAGCACGTCATTTTACAGCGAGCGGCGAAG
insertion_169	random	1482317	1482326	random	2713340	2713349	10	FALSE	CCCAGCTGTCTGACACCCGTCGTCTCGTAGACAGGACGCACGCGTGTCCACGTAGAGATGCGTGAGTCAAGAGTGGTATCCGGACCGATCCGATATGGAG	GGAGTAGACTTCTCCTGCACGTATTGAGATGTTTATAAGCAGCTGCGAAAGTATCTGGGGGTGCACTCGAATCACCCCAAGGAGGCGATGTGACACGCGC	TCTCCTGCACGTATTGAGATGTTTATAAGCAGCTGCGAAAGTATCTGGGGGTGCACTCGAATCACCCCAAGGAGGCGATGTGACACGCGCACGCGCCGGT
insertion_170	random	1063450	1063459	random	648929	648938	10	FALSE	CGTGGGAATCGTACTTGAGCTAAACTTAAGACTTAGTCTACTATACCCAGTAGTGTCTAGGGAGCGGGCCTAGGTAATCCCCCACCAACGTAGTCATTTA	TCCAAGGGAATTCGTCCCCCCAACTGTGGTACCGAGATTAATAGACCGGGAACTTCAACGGTGTAGCACTGTCGGACTGCAGCTATCCTTGGAGGTTCGT	TTCGTCCCCCCAACTGTGGTACCGAGATTAATAGACCGGGAACTTCAACGGTGTAGCACTGTCGGACTGCAGCTATCCTTGGAGGTTCGTGTCGGATCGA
insertion_171	random	2786127	2786136	sim	753179	753188	10	FALSE	GATTGAACGACATCATTACAAAGATTCTTGTCATATACAGAACGTCGACTTCTGGCTCCAATTACCCCGGGTTTCTTGAACTCTAAGTTCACCAATGCCT	TCAATTTGCATTGTCACTGAGGCCTCCAAGAAGTTAGGATTGCCAAACTATCGTAGGGTCGAATGTTCTGTGGAAGTTTGACAGTACAAGGAGGGGTTAT	TTGTCACTGAGGCCTCCAAGAAGTTAGGATTGCCAAACTATCGTAGGGTCGAATGTTCTGTGGAAGTTTGACAGTACAAGGAGGGGTTATGAGCCAACTG
insertion_172	random	1811737	1811746	random	384858	384867	10	FALSE	GCCAGTGTGAACAGACCGCGCCTAGAAAAATCACGTGGGGACCTCGATCTTGACCCCCTAGCTCAGGCACATTTATGGACCACAATTGCCTACGTAGATG	TTGTGCCTGATGGGTAAGTATGGATAAATGCGTCAATTAGAACCCCACGTGCGGTTTTATCCCAACTAGTTCATCGCCCATTCGTTTTGCAGAGCGGGGC	TGGGTAAGTATGGATAAATGCGTCAATTAGAACCCCACGTGCGGTTTTATCCCAACTAGTTCATCGCCCATTCGTTTTGCAGAGCGGGGCGACAGAAACG
insertion_173	random	409801	409810	random	2753073	2753082	10	FALSE	GGGCCAACGATTCATGGCGCCACGGCGTATGTGGCCGCTTGAACCAGTATTTGCGAGACGGGGCAAAGGCTAGTGCCGTTACGCCTGCGTACCAACGCGG	TTACAATCGCCAGCTCTCCATGATGAGCGGGTCGTATGAAGCGTTATCTTCGTGGTCCCCACGAGACGAACATTGGCTCAGTATTAAGCACTGGGGACAC	CAGCTCTCCATGATGAGCGGGTCGTATGAAGCGTTATCTTCGTGGTCCCCACGAGACGAACATTGGCTCAGTATTAAGCACTGGGGACACAGTCCTAGCG
insertion_174	sim	21273	21282	random	4189886	4189895	10	FALSE	AGTAGGAACTGTACAACTTCCAAGCACCAAGATTTTAATTTCTTTCTCATGAGACATCTTGATCCTTTCTTTACTTACCAATGCTCTTCTGGCTAATGAC	AAAGTGTTCGGAAGGGCTATTCAGTGTCGAAGAGAAAGCACAATACACGGAGAACTTGATCACACCAATGGGCTTAATGCCGGGCGGTCCTTTCAAACGT	GAAGGGCTATTCAGTGTCGAAGAGAAAGCACAATACACGGAGAACTTGATCACACCAATGGGCTTAATGCCGGGCGGTCCTTTCAAACGTAAAGTATCAG
insertion_175	sim	609749	609758	sim	3064140	3064149	10	FALSE	CATTTCAAGAACTTGTAACACACACACACACACACACACACACACACACATGGTGAAATACTTCATTCACGAAGTTGACATAACCTCGTGTTGACAAGAG	CAGGACGTAGCCCTCCTCACAGGAGCAGTGAAATGAGCCATCTGTGTTGGCACACTAACCTGCAGCCCTGGGCGCAAGGCGAGCGACCCAGAGCACACTC	CCCTCCTCACAGGAGCAGTGAAATGAGCCATCTGTGTTGGCACACTAACCTGCAGCCCTGGGCGCAAGGCGAGCGACCCAGAGCACACTCATCCACATCC
insertion_176	random	3343657	3343666	sim	3490580	3490589	10	FALSE	ATTAGCGGGGTACCATTTCTCCCATTCGTTATTAGAGTATAATATCCGGTTGTCATTTACCACCCTTATATCAAGGTCAAGACGATTTGAGGTCGCGCAC	CATTTTCTATAACCCTGTGACCTCCCTCTTTCCTGTACAAGAACTTTTGTAGCTTCACTAGTTTGTATTGGTCCCATCTAGATAATCCCAGATAATCTCC	AACCCTGTGACCTCCCTCTTTCCTGTACAAGAACTTTTGTAGCTTCACTAGTTTGTATTGGTCCCATCTAGATAATCCCAGATAATCTCCCCATTTCAAG
insertion_177	random	4225954	4225963	random	1764910	1764919	10	FALSE	TCCCTACAATGTCTTGTACCTTACCAGTTATATTGAGACGGAAGGTATCAGGTGTCAGTCCATTGATGTGTGCGCGGACTCGCTTTGAAGTCTATCTAAC	GGTTAAAAGCAAGAAATCAACTGCGCGTGCCGTGCACAAACGCTGTGGCCGGTAGTCTCCGATCGATGCACGCATGAAGTCCAAATACGGTCGCGTAATC	AAGAAATCAACTGCGCGTGCCGTGCACAAACGCTGTGGCCGGTAGTCTCCGATCGATGCACGCATGAAGTCCAAATACGGTCGCGTAATCGCATAGAACT
insertion_178	sim	3034982	3034991	sim	4238389	4238398	10	FALSE	ATATTAACCTTTTTTGTATATGGAAAATCCTAAGGAAAACACTTTTTTAAACTAATAAAGGAGTTCAGCAGTTGCAGGATATAAGATCAATACATAAAAA	TAGTCCATACAGTGGGCACCACACTAGGACCTGAGTTCTGTGTGAGGGGAAAAACTAAGATCAGGAGGAAAACACAGAGAGGTCCAGAAGAGTGTAGTGT	AGTGGGCACCACACTAGGACCTGAGTTCTGTGTGAGGGGAAAAACTAAGATCAGGAGGAAAACACAGAGAGGTCCAGAAGAGTGTAGTGTAGGAAAGGTT
insertion_179	sim	1304	1313	random	3512344	3512353	10	FALSE	TCTGGGCATGGGCGTCTCAAGATTAGGTCTGAGCTAAAGATGGAAATTTGCAAGTGTAGAAAAAAAGGCTAAGAGTTTGTAAGATGGCGCCTTAGGGCAT	AGCGAATACGCGACATGTCATCTCACTCGTATCCAAGGGTGTCCGTTAGAGGGGTCAGCATGCTAGGTTCCAATCAACCCGCCACCGGGTCGTCTCACCT	CGACATGTCATCTCACTCGTATCCAAGGGTGTCCGTTAGAGGGGTCAGCATGCTAGGTTCCAATCAACCCGCCACCGGGTCGTCTCACCTTCAGGTCCTA
insertion_180	random	3927559	3927568	sim	2511241	2511250	10	FALSE	TCCCTGGGATGGCAATTTAATTTCGTGGCCTTTGCCCCTCGACAAAGCAACGCCATGGTAGTGTCTTGCACCTGCCATACCTTCAAGCTAACCGAAATGT	TTCTGTGACCACAGGAGCGAGAAAGAGAGGAAGAGAGGTGAATGAAGAAGTTCTGCCTTAGGAGGGAGGGAGGAGAGAGAAAAGGAGGAAGGGAGGGAGA	ACAGGAGCGAGAAAGAGAGGAAGAGAGGTGAATGAAGAAGTTCTGCCTTAGGAGGGAGGGAGGAGAGAGAAAAGGAGGAAGGGAGGGAGAAGGGAGGGAG
insertion_181	random	1140952	1140961	random	818495	818504	10	FALSE	TATCATTTCATTATCTTGTGGATTTGGGGCAACCAGCCGCCTAAAACTAGTTTCCACTACCACTCTAGCCGAAAGTAGCCCATTCTCCAAGCGACAGTAC	CCCAAGACGTTACGGTGTTGGACCGTCGTTGCCTGACGTACGCAATTAATGTTGCTTAGTTCCGTATCGAATGACCTGGCGGAACCATTAGTATCCTGAT	TACGGTGTTGGACCGTCGTTGCCTGACGTACGCAATTAATGTTGCTTAGTTCCGTATCGAATGACCTGGCGGAACCATTAGTATCCTGATGCAGCCCATT
insertion_182	sim	1917138	1917147	sim	149731	149740	10	FALSE	AAAGAACTGTGAGTAGGAGGTTTCATGGAGAGTGCTCTCAGGATCCACACACTATAATAATAATAATAATAATAATAATAATAATAATAATAGTGAAGGC	CAAAGATACCTTTTCCCTGCTCTTGTAGTTGCTTATTTCCTGAATTTTATCTGCGAAATAGTGATTATTTTCCAAATTATAGGAAAGGTAATTTGAATAT	TTTTCCCTGCTCTTGTAGTTGCTTATTTCCTGAATTTTATCTGCGAAATAGTGATTATTTTCCAAATTATAGGAAAGGTAATTTGAATATCCTCTCCTTA
insertion_183	sim	3921231	3921240	sim	3725052	3725061	10	FALSE	ACCACTACCATAACCATTCTGATCATTATCACCATCATTCTACCAATGCTCCATCACCATCATCATCATCACTACCACCACCAGCATCTCCATTATCAAC	TCAGCCCCTGTCTTCCAACAGAAGCCTGAATCAGTGTGTGCAGCCCCCACAACATCATCACCCCTGACACCGGGTGAGGCCCAGACTCAAATCTCCCCAG	TCTTCCAACAGAAGCCTGAATCAGTGTGTGCAGCCCCCACAACATCATCACCCCTGACACCGGGTGAGGCCCAGACTCAAATCTCCCCAGTTCATGGCCT
insertion_184	random	4438367	4438376	sim	1685619	1685628	10	FALSE	GGTGAACGCGACAAACCCTACGATGTCTGCTCAGACGGTGTGTTTGAAATGGCCTCGTAACTTGGCAGCACGCAGCGTGAGCGCAAATGGCATTAGCGAG	CCTGGGGTCGCGGGCGTGGAGAGTGTCCTGGGAGGGGGCAGCAGCGGCGGGGTCGTACTGCGGCAGGCCCTGGAGCGGGCGGCAGCGCGCTCCGCTGCCG	CGGGCGTGGAGAGTGTCCTGGGAGGGGGCAGCAGCGGCGGGGTCGTACTGCGGCAGGCCCTGGAGCGGGCGGCAGCGCGCTCCGCTGCCGCGCACAGCGC
insertion_185	sim	3724405	3724414	random	1303529	1303538	10	FALSE	TGCTATTTTTCATGTAGATAACCCTCTGAATTATGTAAGCCTCAGACCTCGATTGCCAGTGGTCATAGTGCTGAGAATCCACCTGCCCAAGGAATGACCG	GCTATCGGCTGCACCACTTCTAGTTCCCACCCAGGCTAATTCCAAATCACACGGAACCTGGTTGGACCACGGGGTAGGCAGGACGGGCGAGCCACAGAGG	GCACCACTTCTAGTTCCCACCCAGGCTAATTCCAAATCACACGGAACCTGGTTGGACCACGGGGTAGGCAGGACGGGCGAGCCACAGAGGAAGTATTCGG
insertion_186	sim	1679251	1679260	sim	501149	501158	10	FALSE	CTCCAAAACATTAAATCAAAACCGGAGGCATTACAGGTCTTCAGTAAAACGTACACAAGGGGGGGGAGAGAAGAAAATTAAAACCATCACCAAGCTGCGG	GAAAATGAGCCTTTTTTGTGAGTTCCATGGATTTGAGACATACCTGTCTTTTCATAGTCCCAATAATACAAAAACCATTTGAACTACTAAAATGGGAAAA	CTTTTTTGTGAGTTCCATGGATTTGAGACATACCTGTCTTTTCATAGTCCCAATAATACAAAAACCATTTGAACTACTAAAATGGGAAAACAGAGGAGAA
insertion_187	sim	2007719	2007728	sim	2374892	2374901	10	FALSE	GTTTACAGCTCAATGCATTTTCACAAGTCGAATAGTCGAATACTCTTGCACTAAATTAAGAGACAGAATCTCATCAGCCCCCAGAAGCACCATCACCTCT	CTGAATCATCTCTTTCTTTAAGCAGGTCCTATGGTTACATGGCAAGTTCTTAACCCGCACAATGGTGACTCTTCTAAATTATGAATTAGGGTCAAAAATG	TCTTTCTTTAAGCAGGTCCTATGGTTACATGGCAAGTTCTTAACCCGCACAATGGTGACTCTTCTAAATTATGAATTAGGGTCAAAAATGAAACCTGTAA
insertion_188	random	1732275	1732284	sim	423048	423057	10	FALSE	CTGTTACAGGGGCCTTATAAGGTATTTCAATTGACAACAACTACTGAGCTGTACGTAGCTTAAGATGGGCACAGTCTACCGAAATACTTGGCAGACAAGC	AAAGCATGGATTGTAATCAGACATCCAAATATAAATGTTTTAGTTTTGCTTGCTGAGCGCCCCTGATCATTTCTGATAAACACTTTGGCTTTGCCTTGGC	TTGTAATCAGACATCCAAATATAAATGTTTTAGTTTTGCTTGCTGAGCGCCCCTGATCATTTCTGATAAACACTTTGGCTTTGCCTTGGCATTTATCTTC
insertion_189	random	951520	951529	random	957535	957544	10	FALSE	GCTACGTATGCATTTCGTGTTTACACTCGCAATCAGCCTGTCCGGTACTACGCTTCCTGTCCGACCGCTGGAACCAATGCGCGGGCTCCTATTGGGGAAA	GTGAGGACCAGAGCTGCGGCGTGCCGATTATACATTAGGATCAACCGCGTAAAGACTAATTCCCCGCGCTATCGAACCACTGTACGTACCGCACCCCATG	GAGCTGCGGCGTGCCGATTATACATTAGGATCAACCGCGTAAAGACTAATTCCCCGCGCTATCGAACCACTGTACGTACCGCACCCCATGATCTTGTGCC
insertion_190	random	3856681	3856690	sim	1367587	1367596	10	FALSE	GCTCACATTGCGGTTACGCCGGATGTTACCATTCGAGGGGACACAACAACTGGAGCGCATACTACGTGCCATGCGGTACATAAGGTCTTTGTTTCGGCAA	ATATGTAAGCTTCATGTCCTTCTCTTTACAGCATCCAGTTTTAGCAGCATGGTTTTGAACTTAAGACTGAGGTCTATTTGACATAATTTCCTCCAGCAAT	TTCATGTCCTTCTCTTTACAGCATCCAGTTTTAGCAGCATGGTTTTGAACTTAAGACTGAGGTCTATTTGACATAATTTCCTCCAGCAATTTGACACCCT
insertion_191	random	158741	158750	random	1915006	1915015	10	FALSE	CGGTTAACTGCATTCAGTAACTTCACTCTTTCATGTTCACACACTTACCCAGGAGGCTCTACTCTTATTCAATTCAGCGCCAACGCACCGCTTGGGCTGA	ACATACCGCCCCCCGATATGTTTCTTTAAAAGTATACGCAATTTCTGAGAGAACACGCAGACCCCCTAACAGCATGACGACCTAATTTTTCATAACATAT	CCCCGATATGTTTCTTTAAAAGTATACGCAATTTCTGAGAGAACACGCAGACCCCCTAACAGCATGACGACCTAATTTTTCATAACATATACAACTTGGT
insertion_192	random	680847	680856	random	3430656	3430665	10	FALSE	CCGTCAATTACGAGCTTAAACCATTCTCCGCAGGTGGGCCCCTCACTAATCGTCACGTTTGCGCGGCGCCGAAGGATTTGCGAGGAAGGGTTGGTGCCGG	CGGCTTTACTTCTTTGTTTCACTTGTGGTTTAGGCCTAATCCCGTCTGGGTACGATATCGCGACATTAGTTCGAGAATGGCCTCCCGAGGCCTCCTACAT	TCTTTGTTTCACTTGTGGTTTAGGCCTAATCCCGTCTGGGTACGATATCGCGACATTAGTTCGAGAATGGCCTCCCGAGGCCTCCTACATGAGCTGTTCA
insertion_193	random	4160540	4160549	sim	433754	433763	10	FALSE	CTTCACTGAACTTCAGACATGCAGCGGAGTGTGCTGGCTCGTGGTGGGCAACGGAACACAGAGGAGTCATGCGTAACAGATCAACTATTATATATAACGC	GTGACCCAAGAGGACAGCTCCAAGCAGCTTCACCTCCTGGTCTTGTTCTTCGATTGTCGACTCACACAAGACAAGACAGTAGCACATCTCCTTATGAGTG	AGGACAGCTCCAAGCAGCTTCACCTCCTGGTCTTGTTCTTCGATTGTCGACTCACACAAGACAAGACAGTAGCACATCTCCTTATGAGTGAGGGGTCTAT
insertion_194	sim	471432	471441	sim	331911	331920	10	FALSE	CCTTCAAGAGAGCCAGCGACTACTTCCATGACGCTCTGGGGATAGTCAGGGAAAGGTACGGGCAGCTAGGAACAAGAGGATCCAAAAAAAAAAAGGCATT	AGGTCGGGAGTTCAAGACCAGCCTGGCCAACATGGTGAAACCCCATCTCTACAACTTAAGACTAAAAATACAAAAAATTAGCCAGATGTGGTGGCGGGTG	TTCAAGACCAGCCTGGCCAACATGGTGAAACCCCATCTCTACAACTTAAGACTAAAAATACAAAAAATTAGCCAGATGTGGTGGCGGGTGCCTGTAATCC
insertion_195	sim	3245805	3245814	sim	1271178	1271187	10	FALSE	AGGCCAAGCATGCATCCACTTAGCACCTCTCTGTTGGCTGAGTGCTCTGATGCTCAACAGCCAAACACTGCTGCAACCTGCATGACATGTCAGCTCTAGA	CACACATCCATGCTGATGCCTAACCTAGATCCTGTTGATCCTAACCCTGAAGGCAGGGGCCCTTTTGGTTGGTCATTGTGTGTCATTGGCCACATGGAAA	TGCTGATGCCTAACCTAGATCCTGTTGATCCTAACCCTGAAGGCAGGGGCCCTTTTGGTTGGTCATTGTGTGTCATTGGCCACATGGAAAGCCAGGCAAA
insertion_196	random	2814742	2814751	sim	459680	459689	10	FALSE	GCAGACGAAGGTATTGGGTGGACATTTCTACCGGCCGAGGCACTCGGTGACAGTGGCTGGGTTGGCGAACCATTGATCAGTCCTCCGGAATCTACTAGAG	AAGCCAGCTCAGAAGCCTTCACTGGCAAATTCTATAAAATCTTCGAATAAAAAATATGCGCCATATTCAAAATAATAAAATTCAAATAAAATCTTCGAAA	AGAAGCCTTCACTGGCAAATTCTATAAAATCTTCGAATAAAAAATATGCGCCATATTCAAAATAATAAAATTCAAATAAAATCTTCGAAAGAACAAATAA
insertion_197	sim	1269636	1269645	sim	49027	49036	10	FALSE	TTTACCTTTTGTGGTAGGATCAGCCACATAAAAATATTCCTCATCTTTGGATCCCCTTTTTTTTTTCTAACCATAGGCTAACGTGCTCTCTGTAAAAGGT	AGGGAGATGACTTACAGGTAGACGGAAGTTAAGGGTTCAGTGAGAAGTTGGTGTCATAATTGGGGCTGCATCCCTGTGCTAAAGAGCCCTGTGTGGATAC	CTTACAGGTAGACGGAAGTTAAGGGTTCAGTGAGAAGTTGGTGTCATAATTGGGGCTGCATCCCTGTGCTAAAGAGCCCTGTGTGGATACTGTATTCTAG
insertion_198	sim	3173345	3173354	sim	2079733	2079742	10	FALSE	CATTCCCAAAATGAAGATGTTAACGTCCTCTTAGGAGAAAATGGAGAAGTAAAAGTCATTCTTACCCAGAAGACTATTGGGGGTAAACATTCAGGCCAGA	AGTTTCACAATATGCCTACATTAAGGCATACCAGATTATATAGATTCATTGGCTTTCTCCTTTAACAATAAATAACCCCTTAAATAATATTATTTTCCTG	TATGCCTACATTAAGGCATACCAGATTATATAGATTCATTGGCTTTCTCCTTTAACAATAAATAACCCCTTAAATAATATTATTTTCCTGAATCTAATAG
insertion_199	random	321724	321733	random	3365495	3365504	10	FALSE	ATGTACAAGGTAACTCTTACTCGTTAATAACGGAATAGGGGACAGCTCTCCAGCAAGGCTAGATACCTTGACACGATTTTTACGAGTTGTGGGACCTTCA	ACGCACTCCCTTTCCAGTCGATAAAGAACACATAGTAGCGTCGACGGGATAATAGACTGATACGGTGCGCTACCACGTTAGGCTTCACAAGGCGTAGGTC	TTTCCAGTCGATAAAGAACACATAGTAGCGTCGACGGGATAATAGACTGATACGGTGCGCTACCACGTTAGGCTTCACAAGGCGTAGGTCATCCTTTCGT
insertion_200	sim	2014715	2014724	random	2134342	2134351	10	FALSE	GTAAAAGGAAGTGGGCAAAGTTACATAATTTATTTAATTTGTAATGAAACGTATTAATTATAATTTTACATATAATTTCTGGGATAAGAAACAAAAGCAG	ACCAGGTTTTAACGACAGGGTGAATCGAAACAAGCAAGACGTCCGGGATCACAGTGGATACAATTCACGACGTCGTGTTCTTTCGTGAAATTGGGACAAA	AACGACAGGGTGAATCGAAACAAGCAAGACGTCCGGGATCACAGTGGATACAATTCACGACGTCGTGTTCTTTCGTGAAATTGGGACAAATGGAGGGCGG
insertion_201	sim	2881915	2881924	sim	288589	288598	10	FALSE	AATAAACAAAATGTGGCACACCATGGAATACTACAGAGCCATAAAAAAGAGTTCTTTGCTGTAATATGGATGCAGCTGGAGGCCATTATCCTAAGTGAAC	TTGTCGATAATCACTAATACTCTAGACCTGCACTGTCCACTATGAGAGTCATGAGATCATAACTGCCCCACGTGACAAGTGGCGACCATATCAGACAGCG	TCACTAATACTCTAGACCTGCACTGTCCACTATGAGAGTCATGAGATCATAACTGCCCCACGTGACAAGTGGCGACCATATCAGACAGCGGAGAATAGAG
insertion_202	random	1972352	1972361	sim	1391328	1391337	10	FALSE	CACAGCAATTACTACGCCCACCCTAACGGCTTACTAACACACATCTAATGGCCCCGTTTCCTACGACGCGCATGCAACCCCTCTCATCAGATGAGACCCC	TTTTATACCAATACCATGCTGTTTTGGTTACTATAGCTTTGTAATGTATTCCGTCACCCTTTAAAGTTAGGTAGTGTAATGCCTCTAGCTTTGTACTTTT	ATACCATGCTGTTTTGGTTACTATAGCTTTGTAATGTATTCCGTCACCCTTTAAAGTTAGGTAGTGTAATGCCTCTAGCTTTGTACTTTTTGCTCAAAAG
insertion_203	sim	839304	839313	sim	3406912	3406921	10	FALSE	GCAGTGGCACAATCTCAGCTCACTGCAACCTCCACCTCCCAGATTCAAGCCCTCAGCCTCCTGAGTAGCTGGGATTATAGGCACACGCCACCATGCCCAG	CCTGCCCTAAAAGAGCTCCTGAAGGAAGCGCTAAACATGGAAAGGAACAAAATTCTCCTGCCAGTACCAGCTGCTGCAAAATCATGCCAAAATGTAAAGA	AAGAGCTCCTGAAGGAAGCGCTAAACATGGAAAGGAACAAAATTCTCCTGCCAGTACCAGCTGCTGCAAAATCATGCCAAAATGTAAAGACCATCGAGAC
insertion_204	sim	4632025	4632034	random	885317	885326	10	FALSE	TATCCCTGGAGAAACTGAATGTCTCTATGTTAGTCTTCTAGGGCTGCCATCAGACTGAGTGACTAAACAACGGAAATTTAACTCTGTCAGCTCTGGAGGC	CTACCCCGGCTGATATAGCTGAAGACCAGCCGTTTGTGCCTCATCAGCCAAACAAAATGCACACGTGACGAGATGACGGTTTTGCCTCGCACGTGTGAAC	TGATATAGCTGAAGACCAGCCGTTTGTGCCTCATCAGCCAAACAAAATGCACACGTGACGAGATGACGGTTTTGCCTCGCACGTGTGAACCTGATATAGC
insertion_205	random	2283106	2283115	random	3266622	3266631	10	FALSE	GGACACCACTCTTGAGTTCCCCAGTCATTTTCCGGGTACCTGTGATATCGAAAGCCGGCCTGCTCTCTTGCGCGCGCAGAATCGTAGAAATTATTCCGTA	TTCGAGCCCACTTTTAAAGCGTAGGTCATTATTGGCAACAGGTTCAATGCACGTTCGCCCGAAATGTTCCACGAATTTGACCGTGCACGGGCTTGAGCGG	CTTTTAAAGCGTAGGTCATTATTGGCAACAGGTTCAATGCACGTTCGCCCGAAATGTTCCACGAATTTGACCGTGCACGGGCTTGAGCGGGGCGGGAAAT
insertion_206	sim	3807081	3807090	random	1397450	1397459	10	FALSE	TCTGACATCTGCCTTGCCCCAGACGGTGTCCTCCTGCCTCTGCAGCTCATACCCCACCCTGGCAGCCCCTGTCCAGTCCTGTAGACTCCTTTGTCACCTG	CTGCGTGACAGAGTCCCTTTCAATGCTCTCGCCGGGTTTGCGATGGACAGCCTCGTGCCCTACACAGAGTCGATCCCGGTCCTTGGCGGGTATTCCCAGG	GAGTCCCTTTCAATGCTCTCGCCGGGTTTGCGATGGACAGCCTCGTGCCCTACACAGAGTCGATCCCGGTCCTTGGCGGGTATTCCCAGGAAAGGCATCG
insertion_207	random	2370346	2370355	sim	1307397	1307406	10	FALSE	CCACACTGATCATCCACAACCGGGGTAATGATTCAACCTCTGCCGAACTCCCATCTCCGCAGATCTGGCAGAGCACCATCGCCCGTGCACTCCTCACTGA	GTAAGGTAAGATATAACTCTAAATTTATTTAGCTATCTGCAAGTAGATTCGAAGATATTTTTTTAATTTTAGTGCATCCTAGCGGCTAATGGGATGATTT	ATATAACTCTAAATTTATTTAGCTATCTGCAAGTAGATTCGAAGATATTTTTTTAATTTTAGTGCATCCTAGCGGCTAATGGGATGATTTTGGAAATTCA
insertion_208	sim	199957	199966	sim	1474787	1474796	10	FALSE	TTCTAGTTGGAGAAATGACTCTTTGGCATAGTAACTCTTTGCTGTATAGTTCTATAGGAATAAGGGCAGATTCCAGCCTACTTCCAGGATAGTAAGTACA	TGGCAGATGAGAAGCCATAAACTGGCTTTTAAAAAAAGGAATTATAATACTTAAGTTGTTAGAAGTATTCAAAGCAGATTCTCCTTACCTTAAGGGAATA	GAAGCCATAAACTGGCTTTTAAAAAAAGGAATTATAATACTTAAGTTGTTAGAAGTATTCAAAGCAGATTCTCCTTACCTTAAGGGAATAATTGAAATAC
insertion_209	random	440769	440778	random	1241170	1241179	10	FALSE	GTGCACGAAGCTAACTAGAACCTTTCATCCATTCTCATGTCGTGTTGCCCCGTAACGCACCCATTGGAATACCCCTGAGGCATTGTACGTTCTCGACGCA	ATGGGCGCGGACACCTGCGCTGTCGTAGTCACCGAAGGGGGGTCGATAGCGTCATGTGTCCCGAGAAACGACATAGGTCCCGCAATGTAATCCTCAAGAT	ACACCTGCGCTGTCGTAGTCACCGAAGGGGGGTCGATAGCGTCATGTGTCCCGAGAAACGACATAGGTCCCGCAATGTAATCCTCAAGATTTCCCGTACA
insertion_210	sim	4202157	4202166	random	2868337	2868346	10	FALSE	GCTGAGTTGTAACATTAGGTAGTTTACATTGCTCTTCCCAGAAGAGTATATTTTGAGCTTGCAATGGTTTTTAAGTACCCAAAATAATTTTTAGAGCTAA	CTACACACTCTCCCGTCCTCTGCCTTCGGACCCGAGTTTAGTTTTTCTCAGAGCAGTCAATGTGGAAGTATGTGACCATCTATCGCTAACTACTATTCTC	TCCCGTCCTCTGCCTTCGGACCCGAGTTTAGTTTTTCTCAGAGCAGTCAATGTGGAAGTATGTGACCATCTATCGCTAACTACTATTCTCTATATTCAAT
insertion_211	random	3348980	3348989	random	2474461	2474470	10	FALSE	GCAGCACCCATCTAATTTAGGTAGTCGACTCCAAGCTAATCCATCGGAATTTTCGTCTGACCCAAAATTTTATCGCCTTGAGCGGCGCTAGATCGTAGGT	GTCCGCGTCAACTCCTCAGGCCTCGGCCATGCAGTCACTCGTTTGGCCTACTAGTTTGTCGCCCGGTCGGTAGGAAAACCACATCTAGTTGATACGATTC	ACTCCTCAGGCCTCGGCCATGCAGTCACTCGTTTGGCCTACTAGTTTGTCGCCCGGTCGGTAGGAAAACCACATCTAGTTGATACGATTCACGAATCGCT
insertion_212	random	857021	857030	random	434883	434892	10	FALSE	GGGGCCTCAGGTCTAAAGATTTGAAGTAATAAAAATAGTGATTGTTCAGTTCCACCTTCCTTAAACTGACAGGAATATGCGCTCATCAGTTGGTTTGTTA	AGCTAAAACAAAATTTTAAGCGCCTCGCAATGAGAGATCTGATATAAGCTCTGGGATCTATGGGAGCATTCGAGCACGATTATTTGCGCTAACCATTGAA	AAATTTTAAGCGCCTCGCAATGAGAGATCTGATATAAGCTCTGGGATCTATGGGAGCATTCGAGCACGATTATTTGCGCTAACCATTGAAGGCTTCACGC
insertion_213	random	4631195	4631204	random	1025481	1025490	10	FALSE	AATGTCCGGCCACTGCTGTCAGCGCATGCTAGAGGCCTCATGATGCGGATCCGGTAGCAAGCCCCAGAATGGTCTTCAATCTAATACCTACTCCATTGTT	ACGGGGCTCAAGTGACAATTAAGTTAGATTGAATCATATCATAAGGCACTGTAGGAATCGGACCACCGCTGGGGATTACGTGTAGGTCTGTGAAAGGCCT	AGTGACAATTAAGTTAGATTGAATCATATCATAAGGCACTGTAGGAATCGGACCACCGCTGGGGATTACGTGTAGGTCTGTGAAAGGCCTTCTGACGGGC
insertion_214	random	284420	284429	sim	2033837	2033846	10	FALSE	ACTGTGCCCAAATATGATTCGTTTTTTTCCTGAGGTTAATGATACAACTCCGGAAGGGTTGCCCAAACCCGGCCCTAGACCCTGAGTAATTTTACGTCGA	TGAGATTACTGGCACTATATAAACCCTGCACTCCCAGGGAGCAGTAGAAACTTGTCCTGGTCTTGAGAATGGATCCATTAGAGTGTAAGGCAGACGTTAA	GGCACTATATAAACCCTGCACTCCCAGGGAGCAGTAGAAACTTGTCCTGGTCTTGAGAATGGATCCATTAGAGTGTAAGGCAGACGTTAAAGATGGAGAA
insertion_215	sim	680804	680813	random	3837772	3837781	10	FALSE	ACAAACCTGCACATGTACCCCCTGTACCTAAAATAAAAGTTGAAATGTAATCCTCACTAGCTGTAACAGGTCTTTGATTGGGGGATGGGGTGGGGAATGT	ATTGCTCTACGGTATTATTTCTGTCCAGGCATTAAATCCTATTAGAGCCCAAAAACAATTAGGCCGCGTGGTGGCTTCGACGTTCAAACGTATGGGTAGG	GGTATTATTTCTGTCCAGGCATTAAATCCTATTAGAGCCCAAAAACAATTAGGCCGCGTGGTGGCTTCGACGTTCAAACGTATGGGTAGGTGAGCATTTT
insertion_216	sim	3136529	3136538	random	3602735	3602744	10	FALSE	TTATCTTTATGTATCCTACTTTTTCTACTTATTTTATTATAATTTGTCTTAGAAAACAGGAGAATATAAATTGCACTGGAAGAATGTTTTAATCCTCTCT	ACACCACAGTGTTGCATCCTCCGAAGTCTCAGTCTAACAAGGGGTGTGGTGAGTCTTTTTGTCCCGGACCAATAAGTCCCATATTCCTACATTAACTGAG	GTTGCATCCTCCGAAGTCTCAGTCTAACAAGGGGTGTGGTGAGTCTTTTTGTCCCGGACCAATAAGTCCCATATTCCTACATTAACTGAGTCATTAGAGG
insertion_217	sim	203598	203607	sim	456454	456463	10	FALSE	TCTTTCATTTCCTTGTATGGACAGAGCTCCCTTTGAAGTGTTTGGAAGCTAAAGATATATATACACATGGGTGTGAGCTGAAAATTGAGCTCATTGTTTT	AATGTTAGCAACCAACAATTGGGAAAAGACATGTAAAAATGTTGTTTATATTCTGTAAGAACTGCATCAAAACAGAATGAATTTGATAAAAGAATGTGCA	ACCAACAATTGGGAAAAGACATGTAAAAATGTTGTTTATATTCTGTAAGAACTGCATCAAAACAGAATGAATTTGATAAAAGAATGTGCAAGACATCTAT
insertion_218	sim	1151239	1151248	sim	3497260	3497269	10	FALSE	TTAGCCATTCTAAAAGGTGTTTAGTGGTATGCAATTGTTTTAATTTGCAGACATATGATGTTGAACATCTTTTCATATGCTTATCTGCCACCTGTGTATC	ACACTTGGGCCTTTAACCCAGGGATTATCAGGGCCGACTTTCTGTTTGGATTCTCTAATGATTGGACCTCAGGTCTGATGTACTTTGGGCTGATCTGTAT	CTTTAACCCAGGGATTATCAGGGCCGACTTTCTGTTTGGATTCTCTAATGATTGGACCTCAGGTCTGATGTACTTTGGGCTGATCTGTATTTTATCTTGC
insertion_219	sim	58959	58968	random	2853265	2853274	10	FALSE	TGGTTTGGGGGAGCTTAGAATTTTATTTTTGGTTACGTGGTAGGGAAAGGGTGCATAGATACAGAGAGACATGTTAGAGAGTAGCGCTTGGCTACCAGTT	CGCGGGTGAAAAAGAGCATGTTGTTGTCATGATCCGGGTAGAGTGCTCCTATCAGGTCAGTTAGAAGCCGTCTTGCACTATGTGTTTCCGCGTGGAGCAC	AAAGAGCATGTTGTTGTCATGATCCGGGTAGAGTGCTCCTATCAGGTCAGTTAGAAGCCGTCTTGCACTATGTGTTTCCGCGTGGAGCACCCCTTGTTAG
insertion_220	random	101190	101199	sim	830963	830972	10	FALSE	ATCACCTTATTGGTATCAGGCGTTTGCTGGATACCAACCATCAGGTCCAGTACGCTCGCGAGGGGTGCCCTATTGATATCCAATAGATAACTAATCGCAG	CAATGTTGCTGAGGCTGGTCTCAAACTTCTGAGCTCAAGTGATCCTACTGGATAGAGACGCTTCGGCCTCCTAAAGTGCTAGGGTTACAGGCATGAACCA	GAGGCTGGTCTCAAACTTCTGAGCTCAAGTGATCCTACTGGATAGAGACGCTTCGGCCTCCTAAAGTGCTAGGGTTACAGGCATGAACCACCATGCCCAG
insertion_221	random	457615	457624	random	4267498	4267507	10	FALSE	ACGGGCCATACTAGTTTCTGGGGAGTAATATCCTAAGCAGACTAACGATAAGCCTCCAACCCCGCTATGGGACAATTTCGTGGCTGTGTCGCCGGCAGCT	TTTGTTTCGGGTGCAAAGGAGGGATTATCTAAAATACGGAAAATCCAGTGAAGGTGGTCGGGATTTGGCGATCCGTTCATATAGGGCAGCTACGTGCCTC	GTGCAAAGGAGGGATTATCTAAAATACGGAAAATCCAGTGAAGGTGGTCGGGATTTGGCGATCCGTTCATATAGGGCAGCTACGTGCCTCCTTATTTGCC
insertion_222	sim	3738789	3738798	sim	3469672	3469681	10	FALSE	AAGGGAGACAGCTCTCCATCAATCCTGGCATACCCCCTTGAATCTAGGAACTCTGTGCCATGACATGGCACACACTTCCAGGAAGCCTGTGGCTTTCATG	TTTTCACGTTTTTCTGCCTGCTTTATATTCGCTGGCAGCTGATTAGATTGAACCCCTTTTTGCCCACCAGATTAAAGGTGGATCTGCCTTCCCCAGCCCA	TTTCTGCCTGCTTTATATTCGCTGGCAGCTGATTAGATTGAACCCCTTTTTGCCCACCAGATTAAAGGTGGATCTGCCTTCCCCAGCCCACTGACTCAAA
insertion_223	sim	4003885	4003894	sim	1001156	1001165	10	FALSE	CTTCCCAATTGTAGGCAGGCCTTCCATTAGTTACTGTGTAAATACAAGTAATATAGATTTATGTTTCTATCAATTTATAAAGTATCTTTGGATTCATCTC	GTGATTTTTTTTTTCCTGTTGATTTTATTTTCCTTTGTGGGCATCTGTTAATATCATTAAACCTAGGGCCATCAAGGTGTCTCCAAACAGTGGGCTCATC	TTTTCCTGTTGATTTTATTTTCCTTTGTGGGCATCTGTTAATATCATTAAACCTAGGGCCATCAAGGTGTCTCCAAACAGTGGGCTCATCAATTGCATTG
insertion_224	sim	322180	322189	random	3589649	3589658	10	FALSE	ATTATGGGACCTGGCCTTACAGCAGGAACATCCATTTAAAAAATTGATTGTCCACAAGACATTTTATGAGCAAACGATTGCAATGAGGCCAGAACTGTAA	TTCCGTCAACTTTCTAGTGGCCCATGGAATTCATAGTGATAGCTTTGTGCGTCAGGCTGTCACTATGTGGCTAGTATAATTTACAATCACGTTCCCACAG	TTTCTAGTGGCCCATGGAATTCATAGTGATAGCTTTGTGCGTCAGGCTGTCACTATGTGGCTAGTATAATTTACAATCACGTTCCCACAGGTTGAGCAAG
insertion_225	sim	1230638	1230647	sim	3311908	3311917	10	FALSE	GGAGCCTCCATCAGCCTGGCTGCATCAGTGACTAGGAAGAGCAGACCTCCATGTTTGCACCACTGGAATTGGCAGGTTGTTACCACAGGAAAATTCTGGT	GAGATCCTCTTCAAGACTGGTTGGTGCATCTTGGTCAATAAGAAGAACATCCTGCTAATCCAGCTCTATCATCATCTAACCCTTGAGGGTTTTCATTTAA	TCAAGACTGGTTGGTGCATCTTGGTCAATAAGAAGAACATCCTGCTAATCCAGCTCTATCATCATCTAACCCTTGAGGGTTTTCATTTAAATTATTGATT
insertion_226	random	3023600	3023609	random	4403847	4403856	10	FALSE	ACAGCCGTTATGCAAGAGGTTGGCCCCCGGCAGGGAGTCCATTGATTTAACGTGACGGGTCGAGTCGTCTGTGGCTGACAAACTGTTGTTGTCCGTTGGA	AGCCCCCGAGTTAATCGAGACCCGTGACCGTCGCAGAAATGACGGGGAGGACCTTACAGGCTTCGGGCGGCATGTAACTGAGCCGAATCAGACACTCATC	TTAATCGAGACCCGTGACCGTCGCAGAAATGACGGGGAGGACCTTACAGGCTTCGGGCGGCATGTAACTGAGCCGAATCAGACACTCATCGTGAGCGACT
insertion_227	random	4419465	4419474	sim	3671428	3671437	10	FALSE	TGCAGAGAACACAGGATCACAACGGTCGGGTTGATATAATTGGGTTCGCCGTGATTCGTCACATGTCTCGACGTCCCCAAACTGGTCTAAATATCGACTC	TTCTCTGCAATAAATGACCAATAATAAGTGAACACTAAACAATACTATAAGGGGATCAATTAAACAAATGGCCAAGCTCAGAAAGCATCACCTAAAGGTT	TAAATGACCAATAATAAGTGAACACTAAACAATACTATAAGGGGATCAATTAAACAAATGGCCAAGCTCAGAAAGCATCACCTAAAGGTTCAAGTGGTGA
insertion_228	sim	4336331	4336340	random	1694060	1694069	10	FALSE	AAGAACGTTAGCTCTGGCCTGTGACCATGACCTCCTCCAGGCTCCTTGGAGGTCAAAGAACAGCAGAGTTCAGTCCTCAGCTCCCCTTCCCTGAGGCCCA	TAACCCAAATCACGGCGTTGCCATCTTGCTTCTCCGAGTTTAGCTCTCTTAAGAAATTCTAACATCTTCATACGCAGAGAACGACTCGTCAAACGTGTGT	CACGGCGTTGCCATCTTGCTTCTCCGAGTTTAGCTCTCTTAAGAAATTCTAACATCTTCATACGCAGAGAACGACTCGTCAAACGTGTGTTTAGAGTAAC
insertion_229	sim	4092652	4092661	sim	605257	605266	10	FALSE	TTTCTTCATGCCATTGCTACAACATAGCAGCGGTTCCTAGACCAGCAGCATGTCAGAAACGCACATTCTGAGGCCTGCTCACAAAGGTACTCTAGGTTTA	CCTTCACTTTTCCTTTACTGTCTTTTCTTCTGTTAAATTCAAGTAAAATTTCTGTGGACTCAGAATTTTCATTAATTAAGAATGAATGAATGAAGAATTA	TCCTTTACTGTCTTTTCTTCTGTTAAATTCAAGTAAAATTTCTGTGGACTCAGAATTTTCATTAATTAAGAATGAATGAATGAAGAATTAAGGATTCCAT
insertion_230	random	381878	381887	sim	3405947	3405956	10	FALSE	CGTTGTCAATATGAGGAGCGGAGTTTCTTTCGAATAGGCCAATCCGATTATTACTTAAGGCATGCAGCGCGGATATGGAGAGGATAGCCAGCATGTGCGA	ATCATCAAAGACCAAAAGTAGATAAAACCACAAAGATGGGGAAAAAACAGCCATTGGTAAAACAGAAAAACTGGAAACTCTAAAACGCAGAGCGCCTCTC	ACCAAAAGTAGATAAAACCACAAAGATGGGGAAAAAACAGCCATTGGTAAAACAGAAAAACTGGAAACTCTAAAACGCAGAGCGCCTCTCCTCCTCCAAA
insertion_231	random	1096709	1096718	sim	2794218	2794227	10	FALSE	GGCTAGCCTTGTTGCGATAATGAATTGACTTACCGCACGGGATACCCTCTTCAACTTTAGGGATTTCTCCAAATACTCGAGCGCTCAACTTCGGCAATAA	ACATGTACCTGTTCTGCAGTAACATAAAAATAAATTTTAAATAACAAAGAACTTTACTGTGACCTGCATGATGTTTTCTTGTAGGCACGGGCAGTTGGAG	GTTCTGCAGTAACATAAAAATAAATTTTAAATAACAAAGAACTTTACTGTGACCTGCATGATGTTTTCTTGTAGGCACGGGCAGTTGGAGGACAGTGAGG
